var hungary13Background = {
  "type": "FeatureCollection",
  "features": [
    {
      "type": "Feature",
      "properties": {
        "bgid": 1,
        "name": "ausztria",
        "background": true
      },
      "geometry": {
        "coordinates": [
          [
            [
              13.582187613217457,
              45.48743477565006
            ],
            [
              13.634403120689711,
              45.47601712819758
            ],
            [
              13.707688375993627,
              45.463168616414464
            ],
            [
              13.766723720544434,
              45.45888512828927
            ],
            [
              13.803366348197187,
              45.463168616414464
            ],
            [
              13.848151781994005,
              45.463168616414464
            ],
            [
              13.897008618864135,
              45.481726637745226
            ],
            [
              13.897008618864135,
              45.51169207122791
            ],
            [
              13.94993685880587,
              45.52025069482781
            ],
            [
              13.994722292603484,
              45.518824347955984
            ],
            [
              14.043579129472818,
              45.504558890545326
            ],
            [
              14.171828326255849,
              45.49599788050173
            ],
            [
              14.255292089241323,
              45.504558890545326
            ],
            [
              14.373362778343676,
              45.51026550740761
            ],
            [
              14.44868373518429,
              45.52595572073474
            ],
            [
              14.497540572053538,
              45.614309644729786
            ],
            [
              14.554540215068528,
              45.65985729142881
            ],
            [
              14.609504921548421,
              45.67977303400676
            ],
            [
              14.60543351847599,
              45.64847413970426
            ],
            [
              14.635969041518848,
              45.621429194219445
            ],
            [
              14.688897281461436,
              45.60718976986698
            ],
            [
              14.697040087606268,
              45.57870007438339
            ],
            [
              14.699075789142086,
              45.54877032872733
            ],
            [
              14.733682715258254,
              45.52595601044894
            ],
            [
              14.778468149055925,
              45.50455918036971
            ],
            [
              14.866003315113772,
              45.50313243576548
            ],
            [
              14.882288927403522,
              45.528808306440595
            ],
            [
              14.898574539694152,
              45.550195916280984
            ],
            [
              14.943359973490942,
              45.5245298082161
            ],
            [
              14.994252511896889,
              45.4959981703702
            ],
            [
              15.051252154911822,
              45.493144211102646
            ],
            [
              15.091966185636295,
              45.47744484978651
            ],
            [
              15.108251797926016,
              45.45745751666209
            ],
            [
              15.167287142476795,
              45.44888934719677
            ],
            [
              15.236500994709104,
              45.44888934719677
            ],
            [
              15.291464936187452,
              45.45888541834813
            ],
            [
              15.338286071520912,
              45.48458146549274
            ],
            [
              15.33421466844851,
              45.50883919723151
            ],
            [
              15.303679145404772,
              45.53879020344317
            ],
            [
              15.28128642850595,
              45.568725264185105
            ],
            [
              15.28128642850595,
              45.62570031649301
            ],
            [
              15.344393176130012,
              45.655589061330545
            ],
            [
              15.289429234651664,
              45.75368267976148
            ],
            [
              15.462463865231598,
              45.79343969133373
            ],
            [
              15.652969901094139,
              45.81975353513013
            ],
            [
              15.690703509876215,
              45.948169335601136
            ],
            [
              15.673933017084181,
              46.05883502645864
            ],
            [
              15.61942891551007,
              46.08501289904669
            ],
            [
              15.60685104591525,
              46.14895098402383
            ],
            [
              15.816482205817266,
              46.25341692594131
            ],
            [
              15.967416640947135,
              46.31715944772171
            ],
            [
              16.08481009049214,
              46.35768425481936
            ],
            [
              16.260900264810118,
              46.398179029718165
            ],
            [
              16.21897403282921,
              46.46752877891424
            ],
            [
              16.319596989582152,
              46.510827561495006
            ],
            [
              16.411834699939163,
              46.510827561495006
            ],
            [
              16.46214617831606,
              46.548325293392054
            ],
            [
              16.403449453543118,
              46.675048624788616
            ],
            [
              16.302826496790118,
              46.75840872185563
            ],
            [
              16.206396163235155,
              46.838772151749055
            ],
            [
              16.056710786545324,
              46.905055023474176
            ],
            [
              16.499862881719338,
              47.03238373712327
            ],
            [
              16.406567703787374,
              47.27558342235051
            ],
            [
              16.523186676201902,
              47.40202848573935
            ],
            [
              16.655354844936596,
              47.46513747585041
            ],
            [
              16.624256452293167,
              47.58064075524837
            ],
            [
              16.554285068845388,
              47.61733847253211
            ],
            [
              16.43766609643083,
              47.65401045125657
            ],
            [
              16.492088283558445,
              47.71158585132599
            ],
            [
              16.632031050454003,
              47.75341896009013
            ],
            [
              16.76419921919026,
              47.71158585132599
            ],
            [
              16.88081819160479,
              47.68542309238933
            ],
            [
              17.02853555666121,
              47.716816827730156
            ],
            [
              17.02853555666121,
              47.784771739632475
            ],
            [
              16.989662565856918,
              47.86307100755647
            ],
            [
              17.051859351145396,
              47.90478232937065
            ],
            [
              17.098506940110553,
              47.96728634156739
            ],
            [
              17.067408547467124,
              48.07129181590068
            ],
            [
              17.01298636033951,
              48.13878287502669
            ],
            [
              16.94301497689173,
              48.237264268802306
            ],
            [
              16.88081819160479,
              48.27349918944506
            ],
            [
              16.841945200798932,
              48.35622544846575
            ],
            [
              16.81862140631634,
              48.407861255569
            ],
            [
              16.935240378730867,
              48.552162917408936
            ],
            [
              16.90414198608741,
              48.649848176713704
            ],
            [
              16.896367387926546,
              48.721705924735005
            ],
            [
              16.784940889092724,
              48.73776709297047
            ],
            [
              16.621903919920925,
              48.75041537333453
            ],
            [
              16.46845736070037,
              48.78834111660555
            ],
            [
              16.353372441284705,
              48.71878870371896
            ],
            [
              16.075250552696275,
              48.76306047060473
            ],
            [
              15.96016563328061,
              48.851487040507976
            ],
            [
              15.787538254157596,
              48.82623821705502
            ],
            [
              15.490235545666678,
              48.92715715867655
            ],
            [
              15.336788986446123,
              48.95865257994515
            ],
            [
              15.183342427225568,
              48.97124518334766
            ],
            [
              15.068257507809875,
              49.02158380122458
            ],
            [
              14.981943818247885,
              48.97754029262319
            ],
            [
              14.953172588394267,
              48.851487040507976
            ],
            [
              14.866858898832191,
              48.78834111660555
            ],
            [
              14.770954799319014,
              48.68714213688969
            ],
            [
              14.655869879903321,
              48.59842587235215
            ],
            [
              14.44488086097445,
              48.63012816651022
            ],
            [
              14.310615121656326,
              48.57939494021764
            ],
            [
              14.080445282824968,
              48.60476792373083
            ],
            [
              14.013312408545858,
              48.69980321116449
            ],
            [
              13.888637079178949,
              48.769381885248976
            ],
            [
              13.783142569714471,
              48.73144181872698
            ],
            [
              13.831094619471628,
              48.604767983537414
            ],
            [
              13.696828880153475,
              48.56670373009385
            ],
            [
              13.514611091078251,
              48.598425932166265
            ],
            [
              13.42829740151626,
              48.5031995910299
            ],
            [
              13.45293465994564,
              48.41131075897286
            ],
            [
              13.40498261018854,
              48.32848659561037
            ],
            [
              13.241945641016741,
              48.2902146193253
            ],
            [
              13.030956622087842,
              48.21358454814782
            ],
            [
              12.925462112623393,
              48.21358454814782
            ],
            [
              12.791196373305269,
              48.12403763344216
            ],
            [
              12.791196373305269,
              48.0343343355533
            ],
            [
              12.877510062867287,
              47.97016477721115
            ],
            [
              12.954233342477124,
              47.91234391790013
            ],
            [
              12.973414162379527,
              47.81583208297624
            ],
            [
              12.896690882769747,
              47.74494251705741
            ],
            [
              13.040547032039086,
              47.68687005778577
            ],
            [
              13.098089491747402,
              47.56406006463337
            ],
            [
              13.059727851941545,
              47.4928276437775
            ],
            [
              12.858329242963862,
              47.544642634812675
            ],
            [
              12.695292273792091,
              47.66103929965976
            ],
            [
              12.493893664814408,
              47.62873287029427
            ],
            [
              12.407579975253412,
              47.667498187921325
            ],
            [
              12.215771776226944,
              47.712688030086724
            ],
            [
              12.177410136422054,
              47.635195754630786
            ],
            [
              11.985601937395586,
              47.62873287029427
            ],
            [
              11.70748004880815,
              47.57053094236076
            ],
            [
              11.582804719440247,
              47.53169368423872
            ],
            [
              11.438948570170936,
              47.46690095825156
            ],
            [
              11.237549961193253,
              47.427986939621576
            ],
            [
              11.064922582070238,
              47.38255086188087
            ],
            [
              10.959428072605817,
              47.43447460870482
            ],
            [
              10.901885612898411,
              47.544642634812675
            ],
            [
              10.767619873579378,
              47.5187415356267
            ],
            [
              10.585402084505091,
              47.525218009695436
            ],
            [
              10.431955525283598,
              47.56406006463337
            ],
            [
              10.46072675513821,
              47.4928276437775
            ],
            [
              10.451136345186995,
              47.39553659748779
            ],
            [
              10.364822655625062,
              47.33057592355118
            ],
            [
              10.23055691630691,
              47.265535250934505
            ],
            [
              10.220966506355637,
              47.369561926804096
            ],
            [
              10.105881586939972,
              47.3630662594268
            ],
            [
              10.019567897378039,
              47.4928276437775
            ],
            [
              9.904482977962317,
              47.538168559272435
            ],
            [
              9.808578878449083,
              47.589938779131586
            ],
            [
              9.703084368984662,
              47.56406006463337
            ],
            [
              9.56881862966651,
              47.50578618884825
            ],
            [
              9.635951499326069,
              47.38904412961051
            ],
            [
              9.56881862966651,
              47.29806558800004
            ],
            [
              9.587999449568969,
              47.21344510396625
            ],
            [
              9.538187277314279,
              47.05846249168158
            ],
            [
              9.686778113468591,
              47.0465520124653
            ],
            [
              9.844109587044613,
              47.00484438705587
            ],
            [
              9.922775323831786,
              46.927300906482344
            ],
            [
              10.027662972882126,
              46.8795259663309
            ],
            [
              10.193735083878948,
              46.873551105191325
            ],
            [
              10.289882095508545,
              46.93923798936845
            ],
            [
              10.36854783229657,
              46.98695971455433
            ],
            [
              10.482176118767683,
              46.93923798936845
            ],
            [
              10.525879305871712,
              46.8795259663309
            ],
            [
              10.709432691710106,
              46.8436668201187
            ],
            [
              10.831801615602075,
              46.765889833192716
            ],
            [
              11.024095638861269,
              46.789833190794155
            ],
            [
              11.094020738228465,
              46.89744655816361
            ],
            [
              11.225130299541235,
              46.97503327406022
            ],
            [
              11.399943047958857,
              46.96906905613645
            ],
            [
              11.539793246692426,
              46.99292193714385
            ],
            [
              11.793271731897107,
              46.99292193714385
            ],
            [
              11.985565755156273,
              47.0465520124653
            ],
            [
              12.198842031365416,
              47.04100124889695
            ],
            [
              12.143753456812505,
              47.014179169513284
            ],
            [
              12.143753456812505,
              46.96586546032697
            ],
            [
              12.214581624094421,
              46.885245552973686
            ],
            [
              12.293279587739164,
              46.836815365245
            ],
            [
              12.364107755021053,
              46.74521691879761
            ],
            [
              12.47428490412372,
              46.70205782233481
            ],
            [
              12.647420424143831,
              46.658864196609585
            ],
            [
              12.852035129621783,
              46.59941657582388
            ],
            [
              13.088129020557659,
              46.58860090251605
            ],
            [
              13.2533948957701,
              46.53990359480366
            ],
            [
              13.410790823061234,
              46.56696301530971
            ],
            [
              13.70783176324474,
              46.523731832868435
            ],
            [
              13.70783176324474,
              46.48769910673403
            ],
            [
              13.686891092488878,
              46.437213163238795
            ],
            [
              13.582187738708342,
              46.42638865572994
            ],
            [
              13.514130497993364,
              46.38668042193103
            ],
            [
              13.419897479590816,
              46.33248621806317
            ],
            [
              13.393721576413384,
              46.278238275304204
            ],
            [
              13.435602917925195,
              46.2130697608921
            ],
            [
              13.550776607083634,
              46.205824035851975
            ],
            [
              13.634539290108307,
              46.18045647093069
            ],
            [
              13.582187613217457,
              46.10065360557468
            ],
            [
              13.519365600949783,
              46.04617624081922
            ],
            [
              13.487954594814937,
              46.002555629330345
            ],
            [
              13.550776607083634,
              45.95162141333341
            ],
            [
              13.608363451662342,
              46.002555629330345
            ],
            [
              13.629304122418205,
              45.96253983223906
            ],
            [
              13.603128283973348,
              45.918853248397625
            ],
            [
              13.582187613217457,
              45.831376810347166
            ],
            [
              13.58742278090645,
              45.78393624413707
            ],
            [
              13.665950296242045,
              45.758374588285676
            ],
            [
              13.728772308509747,
              45.69990395385605
            ],
            [
              13.796829488467495,
              45.626729584625366
            ],
            [
              13.82300532691238,
              45.57911495507264
            ],
            [
              13.718301973131844,
              45.542460817983
            ],
            [
              13.571717277839554,
              45.52779246759221
            ],
            [
              13.582187613217457,
              45.48743477565006
            ]
          ]
        ],
        "type": "Polygon"
      },
      "id": 1
    },
    {
      "type": "Feature",
      "properties": {
        "bgid": 2,
        "name": "szlovákia",
        "background": true
      },
      "geometry": {
        "coordinates": [
          [
            [
              16.915050379685653,
              48.65424114001888
            ],
            [
              16.933220672919504,
              48.60031618393097
            ],
            [
              16.960747638205333,
              48.645805171325435
            ],
            [
              16.97451112084761,
              48.68943603220603
            ],
            [
              16.988274603491135,
              48.731213496012856
            ],
            [
              17.073608195877682,
              48.78202620463813
            ],
            [
              17.094051805486004,
              48.84205749260326
            ],
            [
              17.151858432586835,
              48.86379259105635
            ],
            [
              17.198654273573197,
              48.885518254019274
            ],
            [
              17.341794493060434,
              48.85111493036183
            ],
            [
              17.38033224446164,
              48.823937702193234
            ],
            [
              17.443644264619536,
              48.85292622132678
            ],
            [
              17.556504822291885,
              48.83299841657043
            ],
            [
              17.61431144939263,
              48.85654860667444
            ],
            [
              17.71891391747971,
              48.88370814246531
            ],
            [
              17.78773133069481,
              48.9325581594434
            ],
            [
              17.87938303401708,
              48.94426996020678
            ],
            [
              17.906909999302883,
              49.00931376708985
            ],
            [
              17.945447750702982,
              49.02917133626741
            ],
            [
              18.08858797019022,
              49.04721679732134
            ],
            [
              18.146394597290907,
              49.22371596166943
            ],
            [
              18.14914729382005,
              49.254269212016965
            ],
            [
              18.179426955635023,
              49.268640672299796
            ],
            [
              18.201448527863676,
              49.297371037907425
            ],
            [
              18.377621105693834,
              49.329672692398304
            ],
            [
              18.411518118949743,
              49.39530436411434
            ],
            [
              18.468464099989887,
              49.41780145378726
            ],
            [
              18.52947765110511,
              49.44690003335816
            ],
            [
              18.53964657629129,
              49.49447866110424
            ],
            [
              18.572187136885674,
              49.5129689817245
            ],
            [
              18.679977743855744,
              49.50768674598541
            ],
            [
              18.77353185556538,
              49.50504541421722
            ],
            [
              18.842092079708863,
              49.531871037290585
            ],
            [
              18.83651927435352,
              49.578867992024726
            ],
            [
              18.811441650254068,
              49.62762466200897
            ],
            [
              18.78357762347747,
              49.68174156482519
            ],
            [
              18.729596604999273,
              49.70584571241335
            ],
            [
              18.701732531744568,
              49.7184580753283
            ],
            [
              18.63485886747972,
              49.70764767981635
            ],
            [
              18.623713256769122,
              49.750874825655046
            ],
            [
              18.60978124338027,
              49.82463216151456
            ],
            [
              18.59027642463724,
              49.871346924274945
            ],
            [
              18.57077160589313,
              49.91622239499981
            ],
            [
              18.53454837108302,
              49.89827721425374
            ],
            [
              18.476033914851712,
              49.918016545888975
            ],
            [
              18.408816707231693,
              49.938864479689244
            ],
            [
              18.350302251000386,
              49.91375115476987
            ],
            [
              18.297360600124364,
              49.924515610426226
            ],
            [
              18.25277815728191,
              49.96934164303781
            ],
            [
              18.227700533182485,
              49.983677163610935
            ],
            [
              18.17754528498355,
              49.987260376425695
            ],
            [
              18.110671620719813,
              49.99263469517527
            ],
            [
              18.091166801975675,
              50.0338178554689
            ],
            [
              18.04937076181028,
              50.05529071188178
            ],
            [
              18.02707954038908,
              50.01770690906295
            ],
            [
              17.962992278802403,
              49.99621724070187
            ],
            [
              17.896118614538693,
              49.97830184390159
            ],
            [
              17.840390560984474,
              49.99621724070187
            ],
            [
              17.784662507431364,
              50.03560762706147
            ],
            [
              17.759584860966385,
              50.07675396877099
            ],
            [
              17.712216015445648,
              50.10178229064806
            ],
            [
              17.6369831431484,
              50.12501117243093
            ],
            [
              17.595187102982976,
              50.157155638177926
            ],
            [
              17.664847169924997,
              50.17500434214196
            ],
            [
              17.756798458288102,
              50.19284638094811
            ],
            [
              17.759584870610865,
              50.29274938351344
            ],
            [
              17.684352023250625,
              50.30164924176037
            ],
            [
              17.631410372374603,
              50.27850617962153
            ],
            [
              17.558963902754442,
              50.26960200464583
            ],
            [
              17.438441309601558,
              50.266556343334855
            ],
            [
              17.37890264497409,
              50.28082598923419
            ],
            [
              17.368979535726282,
              50.3283606145053
            ],
            [
              17.29951777099157,
              50.31727345125478
            ],
            [
              17.235017560879783,
              50.35211011305657
            ],
            [
              17.207729010305513,
              50.380593843077605
            ],
            [
              17.145709577506153,
              50.39008461918502
            ],
            [
              17.103536363202437,
              50.41064145193843
            ],
            [
              17.02415148921895,
              50.42328737939454
            ],
            [
              16.969574388355937,
              50.42960907718788
            ],
            [
              16.90727311477457,
              50.44861099843959
            ],
            [
              16.877503787031145,
              50.42332929295486
            ],
            [
              16.889907566349592,
              50.39803405257351
            ],
            [
              16.92711922602939,
              50.36797845098599
            ],
            [
              16.94944622183749,
              50.32523509069051
            ],
            [
              17.008984877324338,
              50.29037871912254
            ],
            [
              17.023869541196092,
              50.22535093114723
            ],
            [
              16.989138658828722,
              50.24439264262139
            ],
            [
              16.95440777646141,
              50.23011207198323
            ],
            [
              16.90479223022129,
              50.2190020039516
            ],
            [
              16.827888133550232,
              50.18724469114292
            ],
            [
              16.78819569655903,
              50.15387677015772
            ],
            [
              16.750983965596816,
              50.118894911499865
            ],
            [
              16.69392608742143,
              50.1045767771233
            ],
            [
              16.644310541182335,
              50.10934996426468
            ],
            [
              16.59965648867521,
              50.14592860143662
            ],
            [
              16.586403493864907,
              50.1888330673423
            ],
            [
              16.54919189163448,
              50.23169902221261
            ],
            [
              16.50205712270693,
              50.26818409723421
            ],
            [
              16.455599974184736,
              50.31854983964695
            ],
            [
              16.398542096009322,
              50.332803906033035
            ],
            [
              16.37373432288976,
              50.3692115431455
            ],
            [
              16.339003440522447,
              50.38661402376485
            ],
            [
              16.27946478503452,
              50.38186852583101
            ],
            [
              16.27202245309914,
              50.400847668617246
            ],
            [
              16.219926129547616,
              50.40559126730142
            ],
            [
              16.20007991105203,
              50.448262292392286
            ],
            [
              16.24473390266715,
              50.47826700376274
            ],
            [
              16.316676444714346,
              50.495629452241474
            ],
            [
              16.37373432288976,
              50.50825268067186
            ],
            [
              16.401022873321722,
              50.5492548739534
            ],
            [
              16.44071531031301,
              50.58549634727177
            ],
            [
              16.410945982569558,
              50.62013602347605
            ],
            [
              16.376215100202216,
              50.6468855836375
            ],
            [
              16.321637999338236,
              50.665758462045005
            ],
            [
              16.24473390266715,
              50.66104095338025
            ],
            [
              16.192637579115654,
              50.62170994839411
            ],
            [
              16.187676024491765,
              50.6453125014547
            ],
            [
              16.11077192782065,
              50.65946834517109
            ],
            [
              16.07604104545331,
              50.604393877028684
            ],
            [
              16.00906005803006,
              50.60281937264472
            ],
            [
              16.00657928071763,
              50.64059293890415
            ],
            [
              15.971279095925837,
              50.69346308667218
            ],
            [
              15.901817331191154,
              50.67460134485188
            ],
            [
              15.867086448822818,
              50.6903199895514
            ],
            [
              15.82491325968499,
              50.753141928548985
            ],
            [
              15.775297713445923,
              50.73587429208246
            ],
            [
              15.713278280646591,
              50.746863524830246
            ],
            [
              15.651258847847345,
              50.76726525831316
            ],
            [
              15.589239415047928,
              50.77510971085039
            ],
            [
              15.50737376375298,
              50.78138432574454
            ],
            [
              15.44783510826511,
              50.81274477310964
            ],
            [
              15.415585003210168,
              50.78765809878132
            ],
            [
              15.375892566217942,
              50.78452131749276
            ],
            [
              15.370931011594024,
              50.8268501092831
            ],
            [
              15.32138053071722,
              50.865838634510936
            ],
            [
              15.289130425661341,
              50.90027161411743
            ],
            [
              15.279207316413533,
              50.96749897586301
            ],
            [
              15.246957211357653,
              50.997173137316594
            ],
            [
              15.194860887807152,
              50.984681065261896
            ],
            [
              15.170053114686596,
              51.00810094234444
            ],
            [
              15.120437568447528,
              50.99248900431414
            ],
            [
              15.103072127263346,
              51.00810094234444
            ],
            [
              15.060898912959601,
              51.01746558371994
            ],
            [
              15.006321812096644,
              51.006539984933084
            ],
            [
              14.991437148224946,
              50.98624275814669
            ],
            [
              15.013764144033047,
              50.96593665247775
            ],
            [
              15.008802589408134,
              50.94249549588156
            ],
            [
              15.008802589408134,
              50.89401296511235
            ],
            [
              14.979033261664682,
              50.870535539326596
            ],
            [
              14.90957149692997,
              50.870535539326596
            ],
            [
              14.845071286818182,
              50.879927929250954
            ],
            [
              14.835148177570403,
              50.856443405091795
            ],
            [
              14.795455740579143,
              50.823545192667666
            ],
            [
              14.743359390223134,
              50.82667934517727
            ],
            [
              14.696224621295528,
              50.843913477707844
            ],
            [
              14.641647520432542,
              50.85017885717596
            ],
            [
              14.641647520432542,
              50.881493133658694
            ],
            [
              14.666455293552104,
              50.92686147906244
            ],
            [
              14.619320524624442,
              50.923734046963176
            ],
            [
              14.559781869137566,
              50.92217025207094
            ],
            [
              14.584589642257129,
              50.953436163832606
            ],
            [
              14.582108864944615,
              50.99561180232379
            ],
            [
              14.542416427953384,
              51.022147185449796
            ],
            [
              14.492800881714373,
              51.03618918398712
            ],
            [
              14.448146890098172,
              51.02526799721983
            ],
            [
              14.401012121170567,
              51.02838859889977
            ],
            [
              14.356358129555389,
              51.04866738920907
            ],
            [
              14.324108024499509,
              51.05646456076883
            ],
            [
              14.291857919443629,
              51.04554815299605
            ],
            [
              14.27945403288436,
              51.01590493161959
            ],
            [
              14.276973255571903,
              50.99248899445382
            ],
            [
              14.31914646987562,
              50.97999566151199
            ],
            [
              14.309223360627811,
              50.95656159881821
            ],
            [
              14.348915797619043,
              50.948747617223916
            ],
            [
              14.398531343859105,
              50.93311571253682
            ],
            [
              14.38612745729884,
              50.909658000630515
            ],
            [
              14.31914646987562,
              50.88775346505099
            ],
            [
              14.267050146324038,
              50.89557769634126
            ],
            [
              14.232319263956697,
              50.867404312145965
            ],
            [
              14.177742163092773,
              50.85331123136709
            ],
            [
              14.087770698115833,
              50.82433071917663
            ],
            [
              14.076358550512168,
              50.81403093256367
            ],
            [
              14.050273641704536,
              50.813000828953506
            ],
            [
              14.020928119295263,
              50.81712110708452
            ],
            [
              13.99484321048763,
              50.82227094359425
            ],
            [
              13.96223707447811,
              50.81094055357656
            ],
            [
              13.95408554047603,
              50.79857699286913
            ],
            [
              13.934521858869005,
              50.79342454361313
            ],
            [
              13.906806643261206,
              50.79548559147992
            ],
            [
              13.897024802457679,
              50.78517944325722
            ],
            [
              13.898655109259124,
              50.76352913538102
            ],
            [
              13.882352041253682,
              50.75115303108686
            ],
            [
              13.861158052847856,
              50.73361461396925
            ],
            [
              13.818770076034724,
              50.73464646740868
            ],
            [
              13.769453293811637,
              50.731550838650605
            ],
            [
              13.740107767181854,
              50.734646466448396
            ],
            [
              13.707501631172306,
              50.72019844966093
            ],
            [
              13.658035818622267,
              50.72135654984419
            ],
            [
              13.55043556979004,
              50.715163331702854
            ],
            [
              13.525980967782601,
              50.70587196990016
            ],
            [
              13.534132501784626,
              50.69348062273727
            ],
            [
              13.54069961694384,
              50.6794738630538
            ],
            [
              13.522766158970683,
              50.673275095492215
            ],
            [
              13.526026772570958,
              50.65777463469496
            ],
            [
              13.521135852170517,
              50.64020125947897
            ],
            [
              13.498311556963216,
              50.62675836055868
            ],
            [
              13.470596341355417,
              50.601930600369485
            ],
            [
              13.444511432546449,
              50.610207976482286
            ],
            [
              13.41679621693865,
              50.61951828414581
            ],
            [
              13.398862842133099,
              50.64640437779437
            ],
            [
              13.377668853727243,
              50.64950562988591
            ],
            [
              13.374408240125604,
              50.62572413217552
            ],
            [
              13.345062717717639,
              50.614346118504386
            ],
            [
              13.325499036110614,
              50.59986102881945
            ],
            [
              13.325499036110614,
              50.58226599592845
            ],
            [
              13.297783820502815,
              50.58330117990042
            ],
            [
              13.276589832096931,
              50.59779136625801
            ],
            [
              13.243983696086048,
              50.59365176809578
            ],
            [
              13.234201855283885,
              50.56984201328359
            ],
            [
              13.229310934882136,
              50.551199894690484
            ],
            [
              13.2057810117756,
              50.52396543654265
            ],
            [
              13.187847636969991,
              50.50841572983043
            ],
            [
              13.148720273758528,
              50.50530517379377
            ],
            [
              13.13404751255328,
              50.51670954418799
            ],
            [
              13.11122321734726,
              50.50530517379377
            ],
            [
              13.065574626933852,
              50.50219441284841
            ],
            [
              13.052532163548562,
              50.512562810382036
            ],
            [
              13.029707868341205,
              50.512562810382036
            ],
            [
              13.02318664113929,
              50.49286089175723
            ],
            [
              13.024816947939456,
              50.46796250850173
            ],
            [
              13.016665413937375,
              50.444089248920136
            ],
            [
              12.988950198328297,
              50.42539742376309
            ],
            [
              12.94656222151653,
              50.40358096599829
            ],
            [
              12.938410687513198,
              50.41916517527312
            ],
            [
              12.89765301750154,
              50.42955180049026
            ],
            [
              12.861786267890352,
              50.43993614778495
            ],
            [
              12.834174011648145,
              50.45706666210282
            ],
            [
              12.801567875638654,
              50.447724234692544
            ],
            [
              12.76733143282766,
              50.44460968225249
            ],
            [
              12.739616217219805,
              50.43526479496049
            ],
            [
              12.720052535614087,
              50.413452882566844
            ],
            [
              12.702119160808536,
              50.40098442195054
            ],
            [
              12.680925172401345,
              50.414491772866654
            ],
            [
              12.653209956793546,
              50.41553064038541
            ],
            [
              12.617343207182358,
              50.41033607497576
            ],
            [
              12.574955230370591,
              50.399945235476196
            ],
            [
              12.547240014761542,
              50.40098442195054
            ],
            [
              12.508112651550022,
              50.39267029220406
            ],
            [
              12.498330810746552,
              50.377077368484436
            ],
            [
              12.491809583544608,
              50.35523866160156
            ],
            [
              12.47224590193889,
              50.35523866160156
            ],
            [
              12.451051913533036,
              50.343795327916155
            ],
            [
              12.428227618325678,
              50.32298220094353
            ],
            [
              12.395621482316159,
              50.32090038676981
            ],
            [
              12.397251789116268,
              50.30320128467346
            ],
            [
              12.390730561914353,
              50.2896622315655
            ],
            [
              12.36464565310672,
              50.28132859137372
            ],
            [
              12.354863812303194,
              50.262572565264605
            ],
            [
              12.359754732704971,
              50.24380915056193
            ],
            [
              12.330409210297034,
              50.239638499370585
            ],
            [
              12.323887983093812,
              50.2323389816836
            ],
            [
              12.323887983093812,
              50.20939036414299
            ],
            [
              12.335300130697476,
              50.19478094988162
            ],
            [
              12.336930437498921,
              50.173902601125604
            ],
            [
              12.309215221889815,
              50.17494673531792
            ],
            [
              12.292912153885737,
              50.18016706402386
            ],
            [
              12.281500006282045,
              50.19999911113112
            ],
            [
              12.294542460685847,
              50.21982292256405
            ],
            [
              12.278239392680405,
              50.2302531999251
            ],
            [
              12.250524177072634,
              50.24693689948083
            ],
            [
              12.258675711074716,
              50.26361476054356
            ],
            [
              12.239112029468998,
              50.26986745333437
            ],
            [
              12.2113968138612,
              50.27195150183721
            ],
            [
              12.196724052655924,
              50.2896622315655
            ],
            [
              12.195093745855758,
              50.314654397148246
            ],
            [
              12.173899757449874,
              50.32298220094353
            ],
            [
              12.146184541840768,
              50.32298220094353
            ],
            [
              12.115208712631357,
              50.31361331909119
            ],
            [
              12.12662086023505,
              50.29591150409294
            ],
            [
              12.14129362143899,
              50.28132859137372
            ],
            [
              12.118469326232969,
              50.272993491884364
            ],
            [
              12.095645031025612,
              50.262572565264605
            ],
            [
              12.095645031025612,
              50.247979436840126
            ],
            [
              12.111948099031054,
              50.23546748325623
            ],
            [
              12.13966331463888,
              50.2302531999251
            ],
            [
              12.154336075842792,
              50.22503834636774
            ],
            [
              12.157596689444432,
              50.21252037118947
            ],
            [
              12.182051291451927,
              50.20312973411791
            ],
            [
              12.196724052655924,
              50.18956221827503
            ],
            [
              12.212511793569405,
              50.16828831404209
            ],
            [
              12.194578418763797,
              50.149487788272495
            ],
            [
              12.19783903236413,
              50.13486004529355
            ],
            [
              12.201099645965712,
              50.1212731356772
            ],
            [
              12.217402713969818,
              50.103499818080195
            ],
            [
              12.248378543179228,
              50.08885801476467
            ],
            [
              12.266311917984808,
              50.08048926103666
            ],
            [
              12.254899770381144,
              50.07002626409829
            ],
            [
              12.27935437238861,
              50.06165422263169
            ],
            [
              12.307069587997745,
              50.05746765389978
            ],
            [
              12.316851428799936,
              50.043858782310565
            ],
            [
              12.336415110405653,
              50.03967066079775
            ],
            [
              12.34945756481082,
              50.02815144259114
            ],
            [
              12.367390939615092,
              50.0208195922103
            ],
            [
              12.386954621222088,
              50.01348662270689
            ],
            [
              12.409778916428166,
              50.00824810214149
            ],
            [
              12.427712291233746,
              50.00091321402323
            ],
            [
              12.432603211635467,
              49.987288309442306
            ],
            [
              12.452166893241184,
              49.99357720664494
            ],
            [
              12.474991188448541,
              49.987288309442306
            ],
            [
              12.494554870054287,
              49.96946530126792
            ],
            [
              12.48376095199913,
              49.939378595098276
            ],
            [
              12.52645056781438,
              49.93291346938054
            ],
            [
              12.554073260399946,
              49.90866152195204
            ],
            [
              12.531472875557256,
              49.889251179891886
            ],
            [
              12.513894798456619,
              49.869833028737986
            ],
            [
              12.496316721355868,
              49.848787884919375
            ],
            [
              12.476227490384161,
              49.82773357403977
            ],
            [
              12.474255140670806,
              49.78327874959243
            ],
            [
              12.411476293883823,
              49.76219592176662
            ],
            [
              12.413987447754835,
              49.74434944222176
            ],
            [
              12.435946114391044,
              49.72207718718903
            ],
            [
              12.45101307818328,
              49.70259183894595
            ],
            [
              12.481146924640854,
              49.69609499653612
            ],
            [
              12.52383654045613,
              49.6879727219586
            ],
            [
              12.52383654045613,
              49.67172410067957
            ],
            [
              12.52132538658418,
              49.64408898256224
            ],
            [
              12.538903463684875,
              49.624572390948515
            ],
            [
              12.564015002399458,
              49.60830259011635
            ],
            [
              12.564015002399458,
              49.58877165898346
            ],
            [
              12.57908192562823,
              49.55294463378635
            ],
            [
              12.601682324152705,
              49.53665092063059
            ],
            [
              12.641860786097027,
              49.53013191717102
            ],
            [
              12.639349632225077,
              49.504047208182584
            ],
            [
              12.639349632225077,
              49.48610589981263
            ],
            [
              12.64688309383996,
              49.463261994961755
            ],
            [
              12.656927709325828,
              49.44040743500349
            ],
            [
              12.687061555783288,
              49.4224428049983
            ],
            [
              12.743188827504952,
              49.39835910920388
            ],
            [
              12.758255752344866,
              49.378744207936904
            ],
            [
              12.775833829444622,
              49.34767126347154
            ],
            [
              12.826056906874783,
              49.34603530140225
            ],
            [
              12.863724214947155,
              49.33949090914763
            ],
            [
              12.893858061404671,
              49.34439928493572
            ],
            [
              12.939058831090875,
              49.33785467508724
            ],
            [
              13.021374335297736,
              49.30711647314763
            ],
            [
              13.028907796912648,
              49.29074092307724
            ],
            [
              13.031418950783575,
              49.271083080404935
            ],
            [
              13.06406395111307,
              49.25961238671056
            ],
            [
              13.089175489827653,
              49.23502334893968
            ],
            [
              13.104242413056397,
              49.21370294349859
            ],
            [
              13.121820490157091,
              49.1956554150388
            ],
            [
              13.161998952100447,
              49.18744981544066
            ],
            [
              13.16702125984338,
              49.15789838688312
            ],
            [
              13.184599336944075,
              49.13490174562418
            ],
            [
              13.224777798887402,
              49.1184690385181
            ],
            [
              13.280023184060497,
              49.11025064268205
            ],
            [
              13.327735107618707,
              49.08558728536673
            ],
            [
              13.39051395440572,
              49.057620664314726
            ],
            [
              13.393025108276618,
              49.01646467871325
            ],
            [
              13.40055856989153,
              48.985163353479294
            ],
            [
              13.43822587796393,
              48.96373532192408
            ],
            [
              13.498493570878935,
              48.935700151371776
            ],
            [
              13.503515878731974,
              48.96703254194924
            ],
            [
              13.53616087906147,
              48.97032954369183
            ],
            [
              13.58290534557753,
              48.9606375928158
            ],
            [
              13.610528038164063,
              48.939199018838764
            ],
            [
              13.63312842300769,
              48.91610102138995
            ],
            [
              13.65070650010739,
              48.899595909937375
            ],
            [
              13.680840346565901,
              48.88638789533718
            ],
            [
              13.736085731738001,
              48.88473664816033
            ],
            [
              13.756174962709622,
              48.85830927775089
            ],
            [
              13.771241885938394,
              48.83517387719877
            ],
            [
              13.803886886267833,
              48.81533502615264
            ],
            [
              13.811420347882802,
              48.79052541750514
            ],
            [
              13.846576502083224,
              48.77728860787278
            ],
            [
              13.894288425641435,
              48.77728860787278
            ],
            [
              13.921911118227968,
              48.76073768615848
            ],
            [
              13.977156503400039,
              48.73424486363075
            ],
            [
              14.02486842695825,
              48.716022945720766
            ],
            [
              14.060024581158643,
              48.679559301531896
            ],
            [
              14.075091504387416,
              48.65136475748176
            ],
            [
              14.097691889231044,
              48.619834540797285
            ],
            [
              14.162981889889977,
              48.603231774450165
            ],
            [
              14.230783044419894,
              48.5999105660583
            ],
            [
              14.308628814435622,
              48.59824987996981
            ],
            [
              14.371407661222548,
              48.60489229675429
            ],
            [
              14.394008046065181,
              48.634772363002924
            ],
            [
              14.449253431238276,
              48.65136475748176
            ],
            [
              14.501987662539477,
              48.63809127858153
            ],
            [
              14.542166124482748,
              48.623154438966736
            ],
            [
              14.597411509655814,
              48.623154438966736
            ],
            [
              14.63507881772722,
              48.619834540797285
            ],
            [
              14.692835356771297,
              48.64472845470806
            ],
            [
              14.725480357100707,
              48.677901235568754
            ],
            [
              14.74305843420143,
              48.70276649472464
            ],
            [
              14.783236896144814,
              48.73755723028634
            ],
            [
              14.805837280988442,
              48.780598137582444
            ],
            [
              14.840993435188864,
              48.782252820610495
            ],
            [
              14.886194204875096,
              48.816988563710396
            ],
            [
              14.940667843960199,
              48.87523631786178
            ],
            [
              14.963950656830207,
              48.9395101105506
            ],
            [
              15.00585970886641,
              49.00064639720705
            ],
            [
              15.06639502232926,
              49.037292189727594
            ],
            [
              15.140900023514092,
              49.00981037481458
            ],
            [
              15.303879713604772,
              48.98842513702513
            ],
            [
              15.397010965085542,
              48.9823133825808
            ],
            [
              15.499455341714338,
              48.936451329264514
            ],
            [
              15.629839093787098,
              48.8936086957745
            ],
            [
              15.718313798160125,
              48.86911069416362
            ],
            [
              15.774192549048053,
              48.88136119538771
            ],
            [
              15.871980363102836,
              48.85685719291183
            ],
            [
              15.955798489435608,
              48.85992084948691
            ],
            [
              16.030303490620412,
              48.82927584534272
            ],
            [
              16.090838804082352,
              48.78020482990593
            ],
            [
              16.216565993581128,
              48.740299271561554
            ],
            [
              16.351606308227815,
              48.749511060568096
            ],
            [
              16.416798184264678,
              48.783273175106274
            ],
            [
              16.477333497727557,
              48.817012592801404
            ],
            [
              16.55649506148535,
              48.80167930728015
            ],
            [
              16.6682525632622,
              48.758721161116455
            ],
            [
              16.770696939890996,
              48.752581281687156
            ],
            [
              16.910393817111697,
              48.740299271561554
            ],
            [
              16.915050379685653,
              48.65424114001888
            ]
          ]
        ],
        "type": "Polygon"
      },
      "id": 2
    },
    {
      "type": "Feature",
      "properties": {
        "bgid": 3,
        "name": "horváthország",
        "background": true
      },
      "geometry": {
        "coordinates": [
          [
            [
              17.35886578527132,
              45.13916631755501
            ],
            [
              17.177012222982796,
              45.14845371237348
            ],
            [
              16.96291587782602,
              45.2214377678053
            ],
            [
              16.719658253685253,
              45.229530391830565
            ],
            [
              16.476441585869566,
              45.226482535862004
            ],
            [
              16.41887394184073,
              45.13995073018651
            ],
            [
              16.33195899668786,
              45.03157981533781
            ],
            [
              16.134269499587305,
              45.039210901669776
            ],
            [
              15.975362882469426,
              45.18665750577182
            ],
            [
              15.821781048119107,
              45.20541050630263
            ],
            [
              15.780902934144365,
              45.10806644506985
            ],
            [
              15.788418790254468,
              44.95808441589941
            ],
            [
              15.76335558394723,
              44.85045539749956
            ],
            [
              15.859376258588213,
              44.745241677144435
            ],
            [
              16.013362592545207,
              44.68390974631427
            ],
            [
              16.095481970567107,
              44.525030723546024
            ],
            [
              16.205293212850933,
              44.409451354891786
            ],
            [
              16.196025460012777,
              44.25982529306623
            ],
            [
              16.439475741290067,
              44.13585941262241
            ],
            [
              16.60812911432228,
              43.978495407602026
            ],
            [
              16.77619305554677,
              43.799685835716474
            ],
            [
              16.942063398379076,
              43.66331529181639
            ],
            [
              16.604597758276128,
              43.584008006572134
            ],
            [
              16.278633230737682,
              43.61048204742235
            ],
            [
              16.027434102278733,
              43.59490819881776
            ],
            [
              16.13630389971695,
              43.44766553442318
            ],
            [
              16.57747686602133,
              43.498276174210105
            ],
            [
              16.8301545692907,
              43.406062418608485
            ],
            [
              17.082602104867533,
              43.270670363216
            ],
            [
              17.231765291821517,
              43.11235700305062
            ],
            [
              17.39480581250453,
              42.94323454180531
            ],
            [
              17.687537673254838,
              42.78534699933826
            ],
            [
              17.97844605953111,
              42.69063727325772
            ],
            [
              18.297457959069988,
              42.55227684050311
            ],
            [
              18.528650019300812,
              42.4343704591825
            ],
            [
              18.83066399794353,
              42.218934730251476
            ],
            [
              19.060184603307533,
              42.09934140240463
            ],
            [
              19.27365913547723,
              41.88229045404091
            ],
            [
              19.50281326983631,
              41.825730929781685
            ],
            [
              19.534743102927507,
              41.55326802266086
            ],
            [
              19.48066957236088,
              41.46398371096919
            ],
            [
              19.452427793659155,
              41.2750067361558
            ],
            [
              19.530860587950883,
              41.16505008183938
            ],
            [
              19.423839857908604,
              41.01626497550819
            ],
            [
              19.396192604700104,
              40.84703090436642
            ],
            [
              19.407477457706165,
              40.58769397007791
            ],
            [
              19.485171184452952,
              40.45746913402476
            ],
            [
              19.445139268983553,
              40.3578023003455
            ],
            [
              19.314433418541284,
              40.3784622781985
            ],
            [
              19.639808178454388,
              40.18644091734802
            ],
            [
              19.872984004202692,
              40.044375595111944
            ],
            [
              19.9468359476962,
              39.84847875870281
            ],
            [
              20.02921591072581,
              39.690419116345964
            ],
            [
              20.133252234139547,
              39.65954896720436
            ],
            [
              20.302078840101274,
              39.76880281181258
            ],
            [
              20.42005419684159,
              39.848269354107146
            ],
            [
              20.342625073894283,
              39.939312446462424
            ],
            [
              20.42211710044819,
              40.059098046654015
            ],
            [
              20.54055302906093,
              40.107526331209584
            ],
            [
              20.779694085056377,
              40.304799534153176
            ],
            [
              20.861161161252966,
              40.45397293669856
            ],
            [
              21.00902788676848,
              40.60205886876804
            ],
            [
              21.038598753390573,
              40.75169822255933
            ],
            [
              21.18652178031445,
              40.84948383374214
            ],
            [
              21.451564680582123,
              40.83499924880272
            ],
            [
              21.613355733534377,
              40.912030171442325
            ],
            [
              21.786414066441665,
              40.90853020018318
            ],
            [
              21.949905592590994,
              41.00515433427245
            ],
            [
              22.086202341841442,
              41.07218861856094
            ],
            [
              22.251032181557065,
              41.168489059041576
            ],
            [
              22.477840154140097,
              41.13151852236328
            ],
            [
              22.731229939561075,
              41.07420718569955
            ],
            [
              22.83112381841758,
              41.181730128922936
            ],
            [
              22.94670240433433,
              41.3189141748895
            ],
            [
              23.10780955957003,
              41.28376722094822
            ],
            [
              23.355489203742394,
              41.325974873226755
            ],
            [
              23.713178779183323,
              41.3537231218821
            ],
            [
              23.974355857798685,
              41.460023492334216
            ],
            [
              24.160942418738358,
              41.545750508363284
            ],
            [
              24.518527565621866,
              41.56867703013228
            ],
            [
              24.659566057131855,
              41.41760222206901
            ],
            [
              24.90962105372205,
              41.372217846444585
            ],
            [
              25.05321299639445,
              41.30920058666612
            ],
            [
              25.171005447466598,
              41.266422367901555
            ],
            [
              25.474566710856266,
              41.21790436030918
            ],
            [
              25.676102486375896,
              41.261102584212125
            ],
            [
              25.91656277261913,
              41.26288889130714
            ],
            [
              26.134415778681216,
              41.33453449614336
            ],
            [
              26.170389618122215,
              41.51200319053106
            ],
            [
              26.079426675755002,
              41.574803181748905
            ],
            [
              26.13841404177535,
              41.67192616301239
            ],
            [
              26.368704677050857,
              41.68341153910154
            ],
            [
              26.496192389043443,
              41.7779109330524
            ],
            [
              26.65089354042655,
              41.8613581282618
            ],
            [
              26.53357208585632,
              41.94531114888906
            ],
            [
              26.52679513580128,
              42.05476229457821
            ],
            [
              26.368555229348175,
              42.13982972842291
            ],
            [
              26.141850047918126,
              42.216899221434005
            ],
            [
              25.983643037002707,
              42.30115754990294
            ],
            [
              25.92198848335073,
              42.4118999802952
            ],
            [
              25.920965118707585,
              42.62964056646558
            ],
            [
              25.88531990050663,
              42.719741609967286
            ],
            [
              26.11064791392957,
              42.82211852255196
            ],
            [
              26.200034090613883,
              42.92849135897927
            ],
            [
              26.17717000941505,
              42.99859764987062
            ],
            [
              26.14452921126619,
              43.12851757252133
            ],
            [
              26.151944182984522,
              43.237489212978744
            ],
            [
              26.08766695920761,
              43.30878841334021
            ],
            [
              25.869968247664843,
              43.375171725394694
            ],
            [
              25.636523228496372,
              43.390802191208195
            ],
            [
              25.519107661950898,
              43.50257699343288
            ],
            [
              25.53989200248452,
              43.621188830179335
            ],
            [
              25.229497226181678,
              43.69025238177207
            ],
            [
              25.03369994264233,
              43.704680722959836
            ],
            [
              24.82382057383967,
              43.68143967273775
            ],
            [
              24.615295122308225,
              43.68595258966974
            ],
            [
              24.552730176330783,
              43.77174297028955
            ],
            [
              24.251752373902207,
              43.720950350317935
            ],
            [
              24.043004290926064,
              43.686747032743966
            ],
            [
              23.785119347287065,
              43.77466878818052
            ],
            [
              23.565094599125956,
              43.8146170240197
            ],
            [
              23.30582689102482,
              43.83563765341586
            ],
            [
              23.05939489325351,
              43.83720295839649
            ],
            [
              22.9168273775648,
              43.84720212911674
            ],
            [
              22.904616371224478,
              43.9782789705246
            ],
            [
              22.97042114295698,
              44.099632791078164
            ],
            [
              22.840624166544075,
              44.17489859500324
            ],
            [
              22.671312191070513,
              44.21265190150393
            ],
            [
              22.60627899471666,
              44.334226955243224
            ],
            [
              22.475582137449948,
              44.409001943946436
            ],
            [
              22.514799760488074,
              44.50245191745964
            ],
            [
              22.698308338274558,
              44.53969761299106
            ],
            [
              22.624391404659463,
              44.61196216598077
            ],
            [
              22.493123866090855,
              44.666037666146735
            ],
            [
              22.375673963162342,
              44.656209505581046
            ],
            [
              22.285859331509698,
              44.58736573310355
            ],
            [
              22.216771153316472,
              44.46422738586989
            ],
            [
              22.037141890012578,
              44.48394701348491
            ],
            [
              21.974962529637224,
              44.58736573310355
            ],
            [
              21.88514789798603,
              44.631631815288216
            ],
            [
              21.69170099904352,
              44.64146414092298
            ],
            [
              21.58806873175223,
              44.690600778623775
            ],
            [
              21.525889371378298,
              44.76913276376939
            ],
            [
              21.373895379351723,
              44.793652141702864
            ],
            [
              21.228810205144526,
              44.75441613870893
            ],
            [
              21.04227212402128,
              44.705333647948976
            ],
            [
              20.897186949814028,
              44.675864160673314
            ],
            [
              20.759010593426154,
              44.71515347825283
            ],
            [
              20.627743054857575,
              44.77894176452057
            ],
            [
              20.565563694483643,
              44.827961776645054
            ],
            [
              20.320208558157447,
              44.83859977474006
            ],
            [
              20.188941019588867,
              44.91203812729282
            ],
            [
              20.071491116658933,
              44.946277285250915
            ],
            [
              19.815864840739096,
              44.91693068161152
            ],
            [
              19.622417941796584,
              44.95605614940641
            ],
            [
              19.387518135938137,
              44.91693068161152
            ],
            [
              19.17334478353763,
              44.89246372679986
            ],
            [
              19.000624338053115,
              44.882674029126434
            ],
            [
              18.827903892568543,
              44.867986358606714
            ],
            [
              18.71736280745796,
              44.91203812372123
            ],
            [
              18.627548175805316,
              44.990269065501224
            ],
            [
              18.510098272876746,
              45.034227109733536
            ],
            [
              18.323560191753586,
              45.05375318829371
            ],
            [
              18.130113292809682,
              45.087907789086586
            ],
            [
              17.901438366327795,
              45.03422858977825
            ],
            [
              17.777079645578567,
              45.043992461880975
            ],
            [
              17.64581210700996,
              45.09766397603005
            ],
            [
              17.404003483332218,
              45.08790926774236
            ],
            [
              17.35886578527132,
              45.13916631755501
            ]
          ]
        ],
        "type": "Polygon"
      },
      "id": 3
    },
    {
      "type": "Feature",
      "properties": {
        "bgid": 4,
        "name": "románia",
        "background": true
      },
      "geometry": {
        "coordinates": [
          [
            [
              22.981163365418894,
              43.8679749901155
            ],
            [
              23.81099079552027,
              43.770024225445354
            ],
            [
              23.94611595635581,
              43.72758444711488
            ],
            [
              24.110616152155416,
              43.731829779072285
            ],
            [
              24.392616487812234,
              43.757295451610645
            ],
            [
              24.551241676619014,
              43.79547364798648
            ],
            [
              24.639366781512194,
              43.697858698063754
            ],
            [
              24.833242012275804,
              43.69361095888786
            ],
            [
              25.027117243039413,
              43.70635327372773
            ],
            [
              25.197492445833007,
              43.70635327372773
            ],
            [
              25.52733676035129,
              43.63141939059207
            ],
            [
              25.533211767344113,
              43.49092993571239
            ],
            [
              25.72121199111487,
              43.39708831709902
            ],
            [
              25.885712186914446,
              43.371469885539824
            ],
            [
              26.067837403692494,
              43.31592614567495
            ],
            [
              26.150087501592935,
              43.256052980953626
            ],
            [
              26.155962508585674,
              43.118978768184206
            ],
            [
              26.214712578513655,
              43.015971129114234
            ],
            [
              26.20883757152086,
              42.92139541400829
            ],
            [
              25.903337114395868,
              42.714542654018686
            ],
            [
              25.93858715635264,
              42.619504426622825
            ],
            [
              25.94446216334549,
              42.398629844866605
            ],
            [
              25.991462219287854,
              42.303109710123465
            ],
            [
              26.367462666830647,
              42.14649098955539
            ],
            [
              26.526087855637428,
              42.054950677475915
            ],
            [
              26.543712876615814,
              41.96764658470852
            ],
            [
              26.614212960530665,
              41.945801839976696
            ],
            [
              26.719963086402203,
              41.97638238599117
            ],
            [
              26.825713212272632,
              41.98948384142622
            ],
            [
              26.96083837310823,
              42.020043419818165
            ],
            [
              26.97846339408659,
              42.063674495822994
            ],
            [
              27.107713547929393,
              42.05058831887578
            ],
            [
              27.184088638836982,
              42.08111853697295
            ],
            [
              27.26046372974338,
              42.09855778381507
            ],
            [
              27.319213799672553,
              42.072397115667826
            ],
            [
              27.383838876593416,
              42.020043419818165
            ],
            [
              27.436713939529767,
              41.97638238599117
            ],
            [
              27.50133901645063,
              41.941431992522126
            ],
            [
              27.56008908637861,
              41.884596723691544
            ],
            [
              27.583589114351014,
              41.93706184557581
            ],
            [
              27.71283926819379,
              41.95454063639221
            ],
            [
              27.8068393800786,
              41.972014635112544
            ],
            [
              27.847964429028167,
              41.985116989152885
            ],
            [
              27.918464512943046,
              41.972014635112544
            ],
            [
              28.009940166728143,
              41.98517891310365
            ],
            [
              28.0048974460841,
              42.04512417511086
            ],
            [
              27.909085753845602,
              42.11997628814569
            ],
            [
              27.843530385472604,
              42.17979439228168
            ],
            [
              27.788060458386724,
              42.26568386922864
            ],
            [
              27.732590531301895,
              42.34400264106125
            ],
            [
              27.70233420743739,
              42.40733218362922
            ],
            [
              27.661992442283804,
              42.44455502128778
            ],
            [
              27.60147979455482,
              42.459437967714734
            ],
            [
              27.520796261964648,
              42.440833741197935
            ],
            [
              27.430027290370248,
              42.48547462298288
            ],
            [
              27.465326334878824,
              42.541230960897565
            ],
            [
              27.576266189049534,
              42.552376259228396
            ],
            [
              27.621650674847245,
              42.57466088610468
            ],
            [
              27.626693395491316,
              42.61549536071405
            ],
            [
              27.737838533660494,
              42.68009379755043
            ],
            [
              27.87903472277435,
              42.70603847380133
            ],
            [
              27.87903472277435,
              42.74308349912684
            ],
            [
              27.858863840198012,
              42.80230952457174
            ],
            [
              27.89416288470656,
              42.87256686096811
            ],
            [
              27.915478929810604,
              42.96585325427651
            ],
            [
              27.938458444236147,
              43.070020939018065
            ],
            [
              27.9614379518479,
              43.167308161781875
            ],
            [
              28.021184683348935,
              43.21756843871398
            ],
            [
              28.062547809314907,
              43.30458816145847
            ],
            [
              28.15906176990319,
              43.37812308121866
            ],
            [
              28.264767536261616,
              43.394823141311804
            ],
            [
              28.36128149684987,
              43.4015018770931
            ],
            [
              28.462391360323238,
              43.37812308121866
            ],
            [
              28.50375448628924,
              43.44489571533006
            ],
            [
              28.600268455593095,
              43.51159472656147
            ],
            [
              28.57728894116761,
              43.568230994446
            ],
            [
              28.57728894116761,
              43.624814058349386
            ],
            [
              28.57728894116761,
              43.70792778483428
            ],
            [
              28.59032889077247,
              43.81720224846646
            ],
            [
              28.62427106634297,
              43.934100423152586
            ],
            [
              28.661984594753847,
              44.01009687724385
            ],
            [
              28.62427106634297,
              44.058900386173605
            ],
            [
              28.661984594753847,
              44.16450343437933
            ],
            [
              28.620499713501147,
              44.18614227416646
            ],
            [
              28.601642949296433,
              44.24830970705662
            ],
            [
              28.75954600037778,
              44.37595081760895
            ],
            [
              28.897722356765655,
              44.54360856921352
            ],
            [
              29.02208107751494,
              44.68623031242751
            ],
            [
              29.215527976457423,
              44.76476822744257
            ],
            [
              29.388248421941967,
              44.78928945848946
            ],
            [
              29.58860413870383,
              44.838300681001215
            ],
            [
              29.609330592163218,
              44.921524165110014
            ],
            [
              29.63696586344048,
              45.02416344740166
            ],
            [
              29.692236405995146,
              45.14124055406069
            ],
            [
              29.706054041633735,
              45.19482071177228
            ],
            [
              29.67150995253718,
              45.28238861987995
            ],
            [
              29.63696586344048,
              45.345548180513504
            ],
            [
              29.49039041672961,
              45.41099450430198
            ],
            [
              29.359122521162703,
              45.44978198822551
            ],
            [
              29.207128529136156,
              45.38188637033588
            ],
            [
              29.089678626206222,
              45.36732668867083
            ],
            [
              28.992955176734284,
              45.30419141807519
            ],
            [
              28.92386699854103,
              45.30419141807519
            ],
            [
              28.81332591343039,
              45.31390911824735
            ],
            [
              28.799508277791745,
              45.260441149739876
            ],
            [
              28.716602463959845,
              45.24098575651814
            ],
            [
              28.612970196668556,
              45.255577926217654
            ],
            [
              28.43334093336472,
              45.30419141807519
            ],
            [
              28.308982088827435,
              45.30419141727279
            ],
            [
              28.260620364092148,
              45.425542923570475
            ],
            [
              28.177714550258855,
              45.46432042788689
            ],
            [
              28.177714550258855,
              45.61433149858843
            ],
            [
              28.15698809680086,
              45.73019424788825
            ],
            [
              28.15698809680086,
              45.841004316824666
            ],
            [
              28.14317046116227,
              45.94198636943818
            ],
            [
              28.14317046116227,
              46.05716962202288
            ],
            [
              28.08789999147993,
              46.105091925158916
            ],
            [
              27.92543095224721,
              46.1338252999972
            ],
            [
              27.828707436955227,
              46.138612680129484
            ],
            [
              27.718166351844644,
              46.124249114330325
            ],
            [
              27.614534084554805,
              46.11946042663257
            ],
            [
              27.359852497009314,
              46.073093306956224
            ],
            [
              27.228183569702765,
              46.032130797508955
            ],
            [
              27.187320799159636,
              45.98482861010163
            ],
            [
              27.191861106997777,
              45.940643404894786
            ],
            [
              27.205482030512144,
              45.864815350179214
            ],
            [
              27.223643261864623,
              45.804711353870005
            ],
            [
              27.223643261864623,
              45.719188740450704
            ],
            [
              27.141917720777485,
              45.624009852766676
            ],
            [
              26.964845715089666,
              45.59224758710391
            ],
            [
              26.801394632915276,
              45.56364617032514
            ],
            [
              26.555824390448322,
              45.616723496684074
            ],
            [
              26.30883868851555,
              45.52423735325246
            ],
            [
              26.071309786340805,
              45.365236404394864
            ],
            [
              25.86002796142361,
              45.411823314989874
            ],
            [
              25.566408335685537,
              45.4680608068839
            ],
            [
              25.3150815808753,
              45.415613536437064
            ],
            [
              25.236409019548574,
              45.499516706591464
            ],
            [
              24.953838003801195,
              45.521059658873924
            ],
            [
              24.719102964158424,
              45.5494799576567
            ],
            [
              24.516722290727813,
              45.486577613347265
            ],
            [
              24.21033641765959,
              45.44929596193168
            ],
            [
              23.985262961933415,
              45.34492611562101
            ],
            [
              23.809236999219024,
              45.3054870800851
            ],
            [
              23.575836368957823,
              45.29900922664925
            ],
            [
              23.405616279544887,
              45.19357645760357
            ],
            [
              23.19171258196991,
              45.15363758288072
            ],
            [
              23.075346733747523,
              45.08844438010118
            ],
            [
              22.90135901313164,
              45.039426513929214
            ],
            [
              22.93605350178575,
              44.924769813690205
            ],
            [
              22.878298868968244,
              44.7528189168207
            ],
            [
              22.80939823849576,
              44.60547245561193
            ],
            [
              22.66038567297008,
              44.50698830994233
            ],
            [
              22.55771788631182,
              44.400246958287795
            ],
            [
              22.66115306716617,
              44.32684002956765
            ],
            [
              22.764455239871978,
              44.20415469990252
            ],
            [
              22.992794065804787,
              44.13048929745864
            ],
            [
              22.935735441678844,
              44.01570959070244
            ],
            [
              22.981163365418894,
              43.8679749901155
            ]
          ]
        ],
        "type": "Polygon"
      },
      "id": 4
    },
    {
      "type": "Feature",
      "properties": {
        "bgid": 5,
        "name": "ukrajna",
        "background": true
      },
      "geometry": {
        "coordinates": [
          [
            [
              29.637038683619352,
              45.255299253629346
            ],
            [
              29.800784089802903,
              45.19911099308979
            ],
            [
              29.913884941146392,
              45.21239210509148
            ],
            [
              30.008135650598575,
              45.325156366141755
            ],
            [
              30.102386360051668,
              45.44430964568349
            ],
            [
              30.102386360051668,
              45.53681079297522
            ],
            [
              30.30031284990315,
              45.64892938510263
            ],
            [
              30.413413701246668,
              45.76082400070999
            ],
            [
              30.592490049207697,
              45.91185436999234
            ],
            [
              30.771566397167703,
              46.06247486441839
            ],
            [
              30.950642745128675,
              46.22572799369121
            ],
            [
              31.026043312690405,
              46.37549334928613
            ],
            [
              31.18626951876098,
              46.40149768244251
            ],
            [
              31.214544731596646,
              46.32995595493952
            ],
            [
              31.346495724830618,
              46.140896784301276
            ],
            [
              31.600972640354286,
              46.04285195477797
            ],
            [
              32.47750706561496,
              45.87905492916752
            ],
            [
              32.816809619645596,
              45.84623773706565
            ],
            [
              33.32576345069205,
              45.970840015548504
            ],
            [
              33.589665437159965,
              46.0493920836345
            ],
            [
              33.627365732883135,
              46.147425306832446
            ],
            [
              33.665066016663985,
              46.232246449673966
            ],
            [
              33.825292222733594,
              46.17353806178036
            ],
            [
              34.14574463487375,
              46.19311449514075
            ],
            [
              34.44734690512351,
              46.147425306832446
            ],
            [
              34.81492467198976,
              46.17353806178036
            ],
            [
              34.99400101995079,
              46.225726393515885
            ],
            [
              35.22020272263782,
              46.36248494068727
            ],
            [
              35.47467963816061,
              46.407995235162616
            ],
            [
              35.74800669557371,
              46.58317958025066
            ],
            [
              35.955358256370374,
              46.64144896132183
            ],
            [
              36.172134888112225,
              46.66085815719458
            ],
            [
              36.20983517189313,
              46.55078061157812
            ],
            [
              36.304085881346225,
              46.69319133906484
            ],
            [
              36.56798786781414,
              46.764256242090056
            ],
            [
              36.864748519744154,
              46.77826657162959
            ],
            [
              36.927556595569826,
              46.82842438166381
            ],
            [
              37.10551281040725,
              46.928599723101456
            ],
            [
              37.346277101070314,
              46.942895219652456
            ],
            [
              37.47189325272058,
              46.992899405503465
            ],
            [
              37.54516934118362,
              47.09989383852712
            ],
            [
              37.79640164448415,
              47.07138297333802
            ],
            [
              38.17325009943488,
              47.07851212023408
            ],
            [
              38.27793022580923,
              47.142631525906154
            ],
            [
              38.3302702889975,
              47.29904270476595
            ],
            [
              38.309334263722604,
              47.35580510480631
            ],
            [
              38.309334263722604,
              47.41958989871151
            ],
            [
              38.372142339547224,
              47.58224486890137
            ],
            [
              38.61290663021023,
              47.66690831635171
            ],
            [
              38.76992681977279,
              47.709188623310155
            ],
            [
              38.853670920873355,
              47.828796729040846
            ],
            [
              38.947883034611266,
              47.84987549056598
            ],
            [
              39.104903224173796,
              47.84987549056598
            ],
            [
              39.33519950219946,
              47.84987549056598
            ],
            [
              39.471283666487125,
              47.84987549056598
            ],
            [
              39.62830385604974,
              47.863923240550776
            ],
            [
              39.80626007088816,
              47.89902596493209
            ],
            [
              39.83766410880045,
              48.0181973399809
            ],
            [
              39.97151348939926,
              48.17162159024943
            ],
            [
              39.90969827136399,
              48.29712517048358
            ],
            [
              39.861675352332014,
              48.45245799595068
            ],
            [
              39.6999416244071,
              48.48941683144824
            ],
            [
              39.712392367129524,
              48.672517944823284
            ],
            [
              39.99781816462158,
              48.70737824129233
            ],
            [
              39.98347090779441,
              48.830345771604925
            ],
            [
              39.784723737497444,
              48.86084265151652
            ],
            [
              39.81792561454694,
              48.98943093593908
            ],
            [
              39.99770294331634,
              49.013244470979146
            ],
            [
              40.066233382016094,
              49.12523257355704
            ],
            [
              40.25852730568829,
              49.14065956339766
            ],
            [
              40.18956382626902,
              49.311539039825675
            ],
            [
              40.24329438569964,
              49.52477987658298
            ],
            [
              40.023754784942355,
              49.486959976358975
            ],
            [
              39.77380014445566,
              49.50321758872391
            ],
            [
              39.632178180930424,
              49.67545401996446
            ],
            [
              39.41930681636464,
              49.70478671555102
            ],
            [
              39.20998854347391,
              49.77922917642621
            ],
            [
              38.94893828680017,
              49.79372783603043
            ],
            [
              38.755316632654484,
              49.92756140502061
            ],
            [
              38.50858529503333,
              49.978591748889954
            ],
            [
              38.27454491283561,
              50.043998214092056
            ],
            [
              38.25468594702582,
              49.89271279771782
            ],
            [
              38.06994336134227,
              49.987092753663205
            ],
            [
              37.873240989073,
              50.08890881352397
            ],
            [
              37.758033097474566,
              50.166459826190106
            ],
            [
              37.69003570209284,
              50.24324407318508
            ],
            [
              37.44812784608993,
              50.33306069170317
            ],
            [
              37.20298075183061,
              50.260647677967285
            ],
            [
              36.89390442913279,
              50.25722932354856
            ],
            [
              36.654034407751936,
              50.21349433114918
            ],
            [
              36.471134925021545,
              50.29384125096209
            ],
            [
              36.32018039009196,
              50.33671313988506
            ],
            [
              36.19440795360964,
              50.392346220681986
            ],
            [
              35.92139824633591,
              50.34797544662081
            ],
            [
              35.76636940883185,
              50.30011958761381
            ],
            [
              35.55323351555339,
              50.46810877379178
            ],
            [
              35.49826067787683,
              50.53592552549654
            ],
            [
              35.53295903914463,
              50.74228051014114
            ],
            [
              35.44488028632233,
              50.85509506713302
            ],
            [
              35.44040999620748,
              50.988328650000796
            ],
            [
              35.44453230816231,
              51.05412352054253
            ],
            [
              35.19806116609868,
              51.095862368859514
            ],
            [
              35.19277750846095,
              51.22171119825006
            ],
            [
              34.81130591849626,
              51.182724083741476
            ],
            [
              34.583292216806,
              51.21637436588142
            ],
            [
              34.4173651183396,
              51.31165441717005
            ],
            [
              34.28250952294198,
              51.372505778177924
            ],
            [
              34.22624343677262,
              51.624875966249334
            ],
            [
              34.47027635377191,
              51.700364470288804
            ],
            [
              34.32256508776592,
              51.80512552718977
            ],
            [
              34.1908404512364,
              52.028448896026504
            ],
            [
              34.067670537060906,
              52.185966887499376
            ],
            [
              33.925997538041315,
              52.34407199598621
            ],
            [
              33.522655669534544,
              52.30549557784792
            ],
            [
              33.304687019052324,
              52.291835203601124
            ],
            [
              33.02770733810368,
              52.225741729247034
            ],
            [
              32.763711703671675,
              52.266978639884655
            ],
            [
              32.4464757073971,
              52.309222844807095
            ],
            [
              32.4151563975264,
              52.16971560690766
            ],
            [
              32.26256691618161,
              52.055503409239606
            ],
            [
              31.857827110498533,
              52.07741552836478
            ],
            [
              31.47535970170182,
              52.15134951979877
            ],
            [
              31.210777350614734,
              52.146354845846474
            ],
            [
              30.970924953970382,
              51.95766487278843
            ],
            [
              30.68322054052993,
              51.80191666571912
            ],
            [
              30.555404949042554,
              51.67537842800644
            ],
            [
              30.63421254122963,
              51.51321133574615
            ],
            [
              30.62353232622101,
              51.28831227210753
            ],
            [
              30.470336037247932,
              51.32309753724323
            ],
            [
              30.13959721199052,
              51.41714704936959
            ],
            [
              29.855218147135048,
              51.432908050840496
            ],
            [
              29.45456392640216,
              51.367716878965126
            ],
            [
              29.32637498757302,
              51.61112823036777
            ],
            [
              29.08200499342152,
              51.504510796567615
            ],
            [
              28.808348697374242,
              51.43122896481705
            ],
            [
              28.641784873224708,
              51.51381337347115
            ],
            [
              28.209217724408347,
              51.57475919566056
            ],
            [
              27.76339667669808,
              51.48473294981963
            ],
            [
              27.738675619456615,
              51.59255252221905
            ],
            [
              27.53012534537322,
              51.59983854270041
            ],
            [
              27.301865871635357,
              51.5753653448609
            ],
            [
              27.126131113212324,
              51.76227594265967
            ],
            [
              26.949193390450375,
              51.72482562607581
            ],
            [
              26.556150466502658,
              51.810067167431356
            ],
            [
              26.009409830026073,
              51.939705315856116
            ],
            [
              25.68034595508192,
              51.9469328642152
            ],
            [
              25.351606980815234,
              51.94159662772728
            ],
            [
              25.058991045338132,
              51.96681037358218
            ],
            [
              24.747276585110626,
              51.92829283087994
            ],
            [
              24.36846903625775,
              51.93127837333415
            ],
            [
              24.245314713881868,
              51.751622314271714
            ],
            [
              24.055375332119382,
              51.61460774474679
            ],
            [
              23.850503915379875,
              51.63644214309343
            ],
            [
              23.58480110280621,
              51.68095007844312
            ],
            [
              23.675167028921067,
              51.55843123567956
            ],
            [
              23.687086184103038,
              51.4199608298714
            ],
            [
              23.67365365021797,
              51.354921346460884
            ],
            [
              23.76324533750858,
              51.257216217808036
            ],
            [
              23.903476379430828,
              51.126940799884096
            ],
            [
              24.029393380316037,
              50.95625959460378
            ],
            [
              24.117913791088,
              50.891063734175816
            ],
            [
              23.97642535380737,
              50.835113935115885
            ],
            [
              24.00031050728859,
              50.72182961023779
            ],
            [
              24.138147723029135,
              50.591884166768125
            ],
            [
              24.008842519055577,
              50.43116815692048
            ],
            [
              23.882075975676173,
              50.40752423141063
            ],
            [
              23.679520336701586,
              50.35977036474202
            ],
            [
              23.502416681559993,
              50.214996288883526
            ],
            [
              23.35151396231757,
              50.11032894538184
            ],
            [
              23.213971076770264,
              49.965268389828736
            ],
            [
              22.927742581700983,
              49.79543633553368
            ],
            [
              22.729885299177226,
              49.66566551046756
            ],
            [
              22.670452612800432,
              49.472041251581146
            ],
            [
              22.70936098345527,
              49.3434039722342
            ],
            [
              22.72347478252152,
              49.206501292478265
            ],
            [
              22.810676441420043,
              49.12639268052834
            ],
            [
              22.86102844729811,
              49.01375045608174
            ],
            [
              23.070511373498277,
              48.90163202953792
            ],
            [
              23.266915216444943,
              48.76477990006788
            ],
            [
              23.53588610630922,
              48.76474763024015
            ],
            [
              23.82860414081307,
              48.6669155789769
            ],
            [
              23.900730418818597,
              48.53712800917694
            ],
            [
              24.11956928306131,
              48.4952647287532
            ],
            [
              24.167244189915152,
              48.413868635840686
            ],
            [
              24.33745636308177,
              48.40425218682509
            ],
            [
              24.464839386432146,
              48.23942550412764
            ],
            [
              24.604338057408512,
              48.037961424571904
            ],
            [
              24.611108238675826,
              47.885598029835705
            ],
            [
              24.80380109558078,
              47.821048601892954
            ],
            [
              24.971711393280657,
              47.72208644999651
            ],
            [
              25.028726703538638,
              47.52846597405593
            ],
            [
              25.256261294073937,
              47.47241594718068
            ],
            [
              25.393554484855372,
              47.4909747048369
            ],
            [
              25.6565579664867,
              47.48526590735483
            ],
            [
              25.783322924603226,
              47.39351776694011
            ],
            [
              25.996863812029858,
              47.293821677317425
            ],
            [
              26.29599905268725,
              47.24476272518646
            ],
            [
              26.581981400543953,
              47.211783769722416
            ],
            [
              26.706252411189098,
              47.110639643597864
            ],
            [
              26.904432864810417,
              47.0514552531196
            ],
            [
              27.13915336445723,
              46.96644940520079
            ],
            [
              27.224660464479598,
              46.83944037289925
            ],
            [
              27.285345762641725,
              46.729320869335
            ],
            [
              27.357864848432087,
              46.593663722800756
            ],
            [
              27.392849832570164,
              46.41575879919364
            ],
            [
              27.50094329711993,
              46.22860030893668
            ],
            [
              27.548893726844454,
              46.15187939008487
            ],
            [
              27.720155356749956,
              46.16728804670015
            ],
            [
              28.037899300363165,
              46.155108678329384
            ],
            [
              28.121403906733605,
              46.05202092106896
            ],
            [
              28.164243039986104,
              45.76196474726271
            ],
            [
              28.183794679927928,
              45.52257011100721
            ],
            [
              28.302281718247173,
              45.38360166339746
            ],
            [
              28.385272632216214,
              45.29632716099189
            ],
            [
              28.614619191452277,
              45.257369404513554
            ],
            [
              28.726122090975792,
              45.34938374142018
            ],
            [
              28.920236199496344,
              45.33622155789192
            ],
            [
              29.0809576823157,
              45.417984487042446
            ],
            [
              29.290241792002405,
              45.472342945856894
            ],
            [
              29.54247726192287,
              45.344474759608715
            ],
            [
              29.637038683619352,
              45.255299253629346
            ]
          ]
        ],
        "type": "Polygon"
      },
      "id": 5
    },
    {
      "type": "Feature",
      "properties": {
        "bgid": 6,
        "name": "lengyelolrszág",
        "background": true
      },
      "geometry": {
        "coordinates": [
          [
            [
              29.637038683619352,
              45.255299253629346
            ],
            [
              29.800784089802903,
              45.19911099308979
            ],
            [
              29.913884941146392,
              45.21239210509148
            ],
            [
              30.008135650598575,
              45.325156366141755
            ],
            [
              30.102386360051668,
              45.44430964568349
            ],
            [
              30.102386360051668,
              45.53681079297522
            ],
            [
              30.30031284990315,
              45.64892938510263
            ],
            [
              30.413413701246668,
              45.76082400070999
            ],
            [
              30.592490049207697,
              45.91185436999234
            ],
            [
              30.771566397167703,
              46.06247486441839
            ],
            [
              30.950642745128675,
              46.22572799369121
            ],
            [
              31.026043312690405,
              46.37549334928613
            ],
            [
              31.18626951876098,
              46.40149768244251
            ],
            [
              31.214544731596646,
              46.32995595493952
            ],
            [
              31.346495724830618,
              46.140896784301276
            ],
            [
              31.600972640354286,
              46.04285195477797
            ],
            [
              32.47750706561496,
              45.87905492916752
            ],
            [
              32.816809619645596,
              45.84623773706565
            ],
            [
              33.32576345069205,
              45.970840015548504
            ],
            [
              33.589665437159965,
              46.0493920836345
            ],
            [
              33.627365732883135,
              46.147425306832446
            ],
            [
              33.665066016663985,
              46.232246449673966
            ],
            [
              33.825292222733594,
              46.17353806178036
            ],
            [
              34.14574463487375,
              46.19311449514075
            ],
            [
              34.44734690512351,
              46.147425306832446
            ],
            [
              34.81492467198976,
              46.17353806178036
            ],
            [
              34.99400101995079,
              46.225726393515885
            ],
            [
              35.22020272263782,
              46.36248494068727
            ],
            [
              35.47467963816061,
              46.407995235162616
            ],
            [
              35.74800669557371,
              46.58317958025066
            ],
            [
              35.955358256370374,
              46.64144896132183
            ],
            [
              36.172134888112225,
              46.66085815719458
            ],
            [
              36.20983517189313,
              46.55078061157812
            ],
            [
              36.304085881346225,
              46.69319133906484
            ],
            [
              36.56798786781414,
              46.764256242090056
            ],
            [
              36.864748519744154,
              46.77826657162959
            ],
            [
              36.927556595569826,
              46.82842438166381
            ],
            [
              37.10551281040725,
              46.928599723101456
            ],
            [
              37.346277101070314,
              46.942895219652456
            ],
            [
              37.47189325272058,
              46.992899405503465
            ],
            [
              37.54516934118362,
              47.09989383852712
            ],
            [
              37.79640164448415,
              47.07138297333802
            ],
            [
              38.17325009943488,
              47.07851212023408
            ],
            [
              38.27793022580923,
              47.142631525906154
            ],
            [
              38.3302702889975,
              47.29904270476595
            ],
            [
              38.309334263722604,
              47.35580510480631
            ],
            [
              38.309334263722604,
              47.41958989871151
            ],
            [
              38.372142339547224,
              47.58224486890137
            ],
            [
              38.61290663021023,
              47.66690831635171
            ],
            [
              38.76992681977279,
              47.709188623310155
            ],
            [
              38.853670920873355,
              47.828796729040846
            ],
            [
              38.947883034611266,
              47.84987549056598
            ],
            [
              39.104903224173796,
              47.84987549056598
            ],
            [
              39.33519950219946,
              47.84987549056598
            ],
            [
              39.471283666487125,
              47.84987549056598
            ],
            [
              39.62830385604974,
              47.863923240550776
            ],
            [
              39.80626007088816,
              47.89902596493209
            ],
            [
              39.83766410880045,
              48.0181973399809
            ],
            [
              39.97151348939926,
              48.17162159024943
            ],
            [
              39.90969827136399,
              48.29712517048358
            ],
            [
              39.861675352332014,
              48.45245799595068
            ],
            [
              39.6999416244071,
              48.48941683144824
            ],
            [
              39.712392367129524,
              48.672517944823284
            ],
            [
              39.99781816462158,
              48.70737824129233
            ],
            [
              39.98347090779441,
              48.830345771604925
            ],
            [
              39.784723737497444,
              48.86084265151652
            ],
            [
              39.81792561454694,
              48.98943093593908
            ],
            [
              39.99770294331634,
              49.013244470979146
            ],
            [
              40.066233382016094,
              49.12523257355704
            ],
            [
              40.25852730568829,
              49.14065956339766
            ],
            [
              40.18956382626902,
              49.311539039825675
            ],
            [
              40.24329438569964,
              49.52477987658298
            ],
            [
              40.023754784942355,
              49.486959976358975
            ],
            [
              39.77380014445566,
              49.50321758872391
            ],
            [
              39.632178180930424,
              49.67545401996446
            ],
            [
              39.41930681636464,
              49.70478671555102
            ],
            [
              39.20998854347391,
              49.77922917642621
            ],
            [
              38.94893828680017,
              49.79372783603043
            ],
            [
              38.755316632654484,
              49.92756140502061
            ],
            [
              38.50858529503333,
              49.978591748889954
            ],
            [
              38.27454491283561,
              50.043998214092056
            ],
            [
              38.25468594702582,
              49.89271279771782
            ],
            [
              38.06994336134227,
              49.987092753663205
            ],
            [
              37.873240989073,
              50.08890881352397
            ],
            [
              37.758033097474566,
              50.166459826190106
            ],
            [
              37.69003570209284,
              50.24324407318508
            ],
            [
              37.44812784608993,
              50.33306069170317
            ],
            [
              37.20298075183061,
              50.260647677967285
            ],
            [
              36.89390442913279,
              50.25722932354856
            ],
            [
              36.654034407751936,
              50.21349433114918
            ],
            [
              36.471134925021545,
              50.29384125096209
            ],
            [
              36.32018039009196,
              50.33671313988506
            ],
            [
              36.19440795360964,
              50.392346220681986
            ],
            [
              35.92139824633591,
              50.34797544662081
            ],
            [
              35.76636940883185,
              50.30011958761381
            ],
            [
              35.55323351555339,
              50.46810877379178
            ],
            [
              35.49826067787683,
              50.53592552549654
            ],
            [
              35.53295903914463,
              50.74228051014114
            ],
            [
              35.44488028632233,
              50.85509506713302
            ],
            [
              35.44040999620748,
              50.988328650000796
            ],
            [
              35.44453230816231,
              51.05412352054253
            ],
            [
              35.19806116609868,
              51.095862368859514
            ],
            [
              35.19277750846095,
              51.22171119825006
            ],
            [
              34.81130591849626,
              51.182724083741476
            ],
            [
              34.583292216806,
              51.21637436588142
            ],
            [
              34.4173651183396,
              51.31165441717005
            ],
            [
              34.28250952294198,
              51.372505778177924
            ],
            [
              34.22624343677262,
              51.624875966249334
            ],
            [
              34.47027635377191,
              51.700364470288804
            ],
            [
              34.32256508776592,
              51.80512552718977
            ],
            [
              34.1908404512364,
              52.028448896026504
            ],
            [
              34.067670537060906,
              52.185966887499376
            ],
            [
              33.925997538041315,
              52.34407199598621
            ],
            [
              33.522655669534544,
              52.30549557784792
            ],
            [
              33.304687019052324,
              52.291835203601124
            ],
            [
              33.02770733810368,
              52.225741729247034
            ],
            [
              32.763711703671675,
              52.266978639884655
            ],
            [
              32.4464757073971,
              52.309222844807095
            ],
            [
              32.4151563975264,
              52.16971560690766
            ],
            [
              32.26256691618161,
              52.055503409239606
            ],
            [
              31.857827110498533,
              52.07741552836478
            ],
            [
              31.47535970170182,
              52.15134951979877
            ],
            [
              31.210777350614734,
              52.146354845846474
            ],
            [
              30.970924953970382,
              51.95766487278843
            ],
            [
              30.68322054052993,
              51.80191666571912
            ],
            [
              30.555404949042554,
              51.67537842800644
            ],
            [
              30.63421254122963,
              51.51321133574615
            ],
            [
              30.62353232622101,
              51.28831227210753
            ],
            [
              30.470336037247932,
              51.32309753724323
            ],
            [
              30.13959721199052,
              51.41714704936959
            ],
            [
              29.855218147135048,
              51.432908050840496
            ],
            [
              29.45456392640216,
              51.367716878965126
            ],
            [
              29.32637498757302,
              51.61112823036777
            ],
            [
              29.08200499342152,
              51.504510796567615
            ],
            [
              28.808348697374242,
              51.43122896481705
            ],
            [
              28.641784873224708,
              51.51381337347115
            ],
            [
              28.209217724408347,
              51.57475919566056
            ],
            [
              27.76339667669808,
              51.48473294981963
            ],
            [
              27.738675619456615,
              51.59255252221905
            ],
            [
              27.53012534537322,
              51.59983854270041
            ],
            [
              27.301865871635357,
              51.5753653448609
            ],
            [
              27.126131113212324,
              51.76227594265967
            ],
            [
              26.949193390450375,
              51.72482562607581
            ],
            [
              26.556150466502658,
              51.810067167431356
            ],
            [
              26.009409830026073,
              51.939705315856116
            ],
            [
              25.68034595508192,
              51.9469328642152
            ],
            [
              25.351606980815234,
              51.94159662772728
            ],
            [
              25.058991045338132,
              51.96681037358218
            ],
            [
              24.747276585110626,
              51.92829283087994
            ],
            [
              24.36846903625775,
              51.93127837333415
            ],
            [
              24.245314713881868,
              51.751622314271714
            ],
            [
              24.055375332119382,
              51.61460774474679
            ],
            [
              23.850503915379875,
              51.63644214309343
            ],
            [
              23.58480110280621,
              51.68095007844312
            ],
            [
              23.675167028921067,
              51.55843123567956
            ],
            [
              23.687086184103038,
              51.4199608298714
            ],
            [
              23.67365365021797,
              51.354921346460884
            ],
            [
              23.76324533750858,
              51.257216217808036
            ],
            [
              23.903476379430828,
              51.126940799884096
            ],
            [
              24.029393380316037,
              50.95625959460378
            ],
            [
              24.117913791088,
              50.891063734175816
            ],
            [
              23.97642535380737,
              50.835113935115885
            ],
            [
              24.00031050728859,
              50.72182961023779
            ],
            [
              24.138147723029135,
              50.591884166768125
            ],
            [
              24.008842519055577,
              50.43116815692048
            ],
            [
              23.882075975676173,
              50.40752423141063
            ],
            [
              23.679520336701586,
              50.35977036474202
            ],
            [
              23.502416681559993,
              50.214996288883526
            ],
            [
              23.35151396231757,
              50.11032894538184
            ],
            [
              23.213971076770264,
              49.965268389828736
            ],
            [
              22.927742581700983,
              49.79543633553368
            ],
            [
              22.729885299177226,
              49.66566551046756
            ],
            [
              22.670452612800432,
              49.472041251581146
            ],
            [
              22.70936098345527,
              49.3434039722342
            ],
            [
              22.72347478252152,
              49.206501292478265
            ],
            [
              22.810676441420043,
              49.12639268052834
            ],
            [
              22.86102844729811,
              49.01375045608174
            ],
            [
              23.070511373498277,
              48.90163202953792
            ],
            [
              23.266915216444943,
              48.76477990006788
            ],
            [
              23.53588610630922,
              48.76474763024015
            ],
            [
              23.82860414081307,
              48.6669155789769
            ],
            [
              23.900730418818597,
              48.53712800917694
            ],
            [
              24.11956928306131,
              48.4952647287532
            ],
            [
              24.167244189915152,
              48.413868635840686
            ],
            [
              24.33745636308177,
              48.40425218682509
            ],
            [
              24.464839386432146,
              48.23942550412764
            ],
            [
              24.604338057408512,
              48.037961424571904
            ],
            [
              24.611108238675826,
              47.885598029835705
            ],
            [
              24.80380109558078,
              47.821048601892954
            ],
            [
              24.971711393280657,
              47.72208644999651
            ],
            [
              25.028726703538638,
              47.52846597405593
            ],
            [
              25.256261294073937,
              47.47241594718068
            ],
            [
              25.393554484855372,
              47.4909747048369
            ],
            [
              25.6565579664867,
              47.48526590735483
            ],
            [
              25.783322924603226,
              47.39351776694011
            ],
            [
              25.996863812029858,
              47.293821677317425
            ],
            [
              26.29599905268725,
              47.24476272518646
            ],
            [
              26.581981400543953,
              47.211783769722416
            ],
            [
              26.706252411189098,
              47.110639643597864
            ],
            [
              26.904432864810417,
              47.0514552531196
            ],
            [
              27.13915336445723,
              46.96644940520079
            ],
            [
              27.224660464479598,
              46.83944037289925
            ],
            [
              27.285345762641725,
              46.729320869335
            ],
            [
              27.357864848432087,
              46.593663722800756
            ],
            [
              27.392849832570164,
              46.41575879919364
            ],
            [
              27.50094329711993,
              46.22860030893668
            ],
            [
              27.548893726844454,
              46.15187939008487
            ],
            [
              27.720155356749956,
              46.16728804670015
            ],
            [
              28.037899300363165,
              46.155108678329384
            ],
            [
              28.121403906733605,
              46.05202092106896
            ],
            [
              28.164243039986104,
              45.76196474726271
            ],
            [
              28.183794679927928,
              45.52257011100721
            ],
            [
              28.302281718247173,
              45.38360166339746
            ],
            [
              28.385272632216214,
              45.29632716099189
            ],
            [
              28.614619191452277,
              45.257369404513554
            ],
            [
              28.726122090975792,
              45.34938374142018
            ],
            [
              28.920236199496344,
              45.33622155789192
            ],
            [
              29.0809576823157,
              45.417984487042446
            ],
            [
              29.290241792002405,
              45.472342945856894
            ],
            [
              29.54247726192287,
              45.344474759608715
            ],
            [
              29.637038683619352,
              45.255299253629346
            ]
          ]
        ],
        "type": "Polygon"
      },
      "id": 6
    },
    {
      "type": "Feature",
      "properties": {
        "bgid": 7,
        "name": "olaszország",
        "background": true
      },
      "geometry": {
        "coordinates": [
          [
            [
              13.177346916824888,
              38.23713360482381
            ],
            [
              13.032440188284454,
              38.11846845601704
            ],
            [
              12.715957542990594,
              38.212193000832286
            ],
            [
              12.425930562665599,
              38.02271152090867
            ],
            [
              12.557997001921592,
              37.72554048669663
            ],
            [
              12.915708739075995,
              37.582691680792934
            ],
            [
              13.314479011962987,
              37.389514107349086
            ],
            [
              13.710086218556029,
              37.276879225154445
            ],
            [
              14.166915003231423,
              37.09530827587781
            ],
            [
              14.456801542101346,
              36.89392304725466
            ],
            [
              14.95194559136479,
              36.69010086081967
            ],
            [
              15.199877807530584,
              36.756138145771814
            ],
            [
              15.32554551111329,
              37.02508431202172
            ],
            [
              15.18261251201534,
              37.36236314920855
            ],
            [
              15.310339083397707,
              37.7959453130816
            ],
            [
              15.479486468067307,
              38.04406012486609
            ],
            [
              16.04270223467327,
              37.936546913180976
            ],
            [
              16.17278190111432,
              38.166061411450386
            ],
            [
              16.492982329002842,
              38.40865246094293
            ],
            [
              16.67005513644108,
              38.752549534042885
            ],
            [
              17.22936737887528,
              39.002863133311564
            ],
            [
              17.09318273387609,
              39.40262733474174
            ],
            [
              16.825580885127465,
              39.73831986635386
            ],
            [
              16.599864756752822,
              40.08810625927302
            ],
            [
              16.934019801692386,
              40.40945086931592
            ],
            [
              17.344893833421395,
              40.383200026333384
            ],
            [
              17.99327931716033,
              40.29874599170785
            ],
            [
              18.067058029843906,
              40.03284753780446
            ],
            [
              18.383907234470968,
              39.85685632987804
            ],
            [
              18.57890718017572,
              40.2290760969822
            ],
            [
              17.85719083572974,
              40.63199669880177
            ],
            [
              17.065534230831645,
              41.01383499241564
            ],
            [
              16.20406945187213,
              41.423044494644785
            ],
            [
              15.926854568948386,
              41.73824575093522
            ],
            [
              16.217215665808908,
              41.882345466837734
            ],
            [
              15.535238440655519,
              41.97186045761296
            ],
            [
              14.764447039615874,
              42.140037336031554
            ],
            [
              14.11945317342213,
              42.66777793697983
            ],
            [
              13.774984565896972,
              43.29731995856517
            ],
            [
              13.403696502374999,
              43.71114670107556
            ],
            [
              12.778601780703696,
              43.939482267831266
            ],
            [
              12.324827581763827,
              44.303324811186286
            ],
            [
              12.279306371974656,
              44.710886441334196
            ],
            [
              12.512431888691879,
              45.044438966561955
            ],
            [
              12.25340674990369,
              45.3612283534151
            ],
            [
              12.640416340245082,
              45.5433991865732
            ],
            [
              13.159514161100162,
              45.69352134191203
            ],
            [
              13.5726343610267,
              45.811976587606324
            ],
            [
              13.554792946025742,
              46.05397248260459
            ],
            [
              13.407650033895465,
              46.44815840191765
            ],
            [
              13.584314252140246,
              46.50752226333586
            ],
            [
              12.748934364400384,
              46.57494602702633
            ],
            [
              12.334538116368122,
              46.81771940297102
            ],
            [
              12.124247055326236,
              47.06060755945464
            ],
            [
              11.620217245979859,
              46.955741157923256
            ],
            [
              11.248551208875199,
              46.94190334326666
            ],
            [
              10.883338915553907,
              46.744117902747206
            ],
            [
              10.489504134855792,
              46.90055055830692
            ],
            [
              10.308232910989119,
              46.938026138176355
            ],
            [
              10.101402960712733,
              46.88308627192916
            ],
            [
              9.828787894124133,
              46.928245921934206
            ],
            [
              9.625039400726934,
              47.056247929653296
            ],
            [
              9.395185463314789,
              47.101774126702736
            ],
            [
              9.369173015241444,
              47.25455603866908
            ],
            [
              9.43351423293251,
              47.551959074168735
            ],
            [
              9.055630530552378,
              47.677057897127185
            ],
            [
              8.733612685412169,
              47.68930020962782
            ],
            [
              8.488191054224217,
              47.783349859867855
            ],
            [
              8.197136562279866,
              47.638989713417544
            ],
            [
              7.8511532068065435,
              47.53696718257842
            ],
            [
              7.574659938230951,
              47.57196594228145
            ],
            [
              7.379592306361786,
              47.48540168781585
            ],
            [
              7.078213251325735,
              47.42795496998582
            ],
            [
              6.853113153019194,
              47.441002604698866
            ],
            [
              6.777773874502827,
              47.2225947887957
            ],
            [
              6.445210019617463,
              47.003236634378055
            ],
            [
              6.238598581782753,
              46.74366631204947
            ],
            [
              6.025625869207033,
              46.40361051672383
            ],
            [
              6.510969257049396,
              46.33932172493269
            ],
            [
              6.791588368700076,
              46.252154028147345
            ],
            [
              6.9366242423962206,
              46.00019541034436
            ],
            [
              6.99444551140823,
              45.75259829336926
            ],
            [
              6.765542631085793,
              45.70654398800508
            ],
            [
              7.010286283580712,
              45.42641363099713
            ],
            [
              7.111698909251885,
              45.22878450616875
            ],
            [
              6.791425685424684,
              45.1204169636886
            ],
            [
              6.663841800332676,
              44.8976509930516
            ],
            [
              6.901890479916176,
              44.821179829985965
            ],
            [
              7.030155062511511,
              44.67005150187887
            ],
            [
              6.9210512172851395,
              44.4138035726817
            ],
            [
              7.155548041508098,
              44.13229260034325
            ],
            [
              7.519794714284558,
              44.0172108994324
            ],
            [
              7.549924219421456,
              43.78351625014383
            ],
            [
              7.948963010721201,
              43.8227655631124
            ],
            [
              8.337756362788781,
              44.03097904586602
            ],
            [
              8.578128165112133,
              44.33470691000841
            ],
            [
              9.087562107923532,
              44.384362809087406
            ],
            [
              9.537087642911303,
              44.30417531757206
            ],
            [
              9.797568827222392,
              44.105359328171375
            ],
            [
              10.18030397755598,
              43.97601421904744
            ],
            [
              10.281928653999358,
              43.65966831710344
            ],
            [
              10.509306587532592,
              43.21892787776241
            ],
            [
              10.669365603092302,
              42.92398271314332
            ],
            [
              11.126637554638876,
              42.56263781613242
            ],
            [
              11.527941726354868,
              42.328948621234986
            ],
            [
              11.799149398200797,
              42.070241819404714
            ],
            [
              12.163494303749047,
              41.904846913417686
            ],
            [
              12.382896592314808,
              41.58541329450048
            ],
            [
              12.8856643042011,
              41.43989658470829
            ],
            [
              13.465218825731228,
              41.25487792754657
            ],
            [
              13.901854871171366,
              41.068968533046245
            ],
            [
              14.22609842221172,
              40.83571740418736
            ],
            [
              14.363050572368621,
              40.67729979329357
            ],
            [
              14.691019650311631,
              40.59633419352184
            ],
            [
              14.980980507347198,
              40.32359457636616
            ],
            [
              15.285691160791771,
              40.03591972760805
            ],
            [
              15.664240427175201,
              40.032407085476194
            ],
            [
              15.997535508973755,
              39.509681855707356
            ],
            [
              16.065387243388955,
              39.14547157879011
            ],
            [
              16.18342189719783,
              38.83028538150296
            ],
            [
              15.93595645413032,
              38.68635952389758
            ],
            [
              15.930089635821645,
              38.49896639740609
            ],
            [
              15.666796290396888,
              38.25401165162714
            ],
            [
              15.411420798263208,
              38.25839451284875
            ],
            [
              14.771783457293793,
              38.09199941196542
            ],
            [
              14.469170742207154,
              37.982356166807506
            ],
            [
              13.946647252578373,
              37.9476542352492
            ],
            [
              13.551173948599569,
              38.02294047485245
            ],
            [
              13.177346916824888,
              38.23713360482381
            ]
          ]
        ],
        "type": "Polygon"
      },
      "id": 7
    },
    {
      "type": "Feature",
      "properties": {
        "bgid": 8,
        "name": "nyugat euroópa",
        "background": true
      },
      "geometry": {
        "coordinates": [
          [
            [
              7.392342000092583,
              43.85812582602077
            ],
            [
              7.524431259147633,
              43.98517543459684
            ],
            [
              7.360774700023853,
              44.035435897016185
            ],
            [
              7.101570856722049,
              44.174310681505716
            ],
            [
              6.88273241614624,
              44.41079877772981
            ],
            [
              6.993866837228495,
              44.646601401569285
            ],
            [
              6.883635639564801,
              44.78446724548971
            ],
            [
              6.6339754487318885,
              44.922219522443925
            ],
            [
              6.73114426497483,
              45.138810751679074
            ],
            [
              7.080360159971292,
              45.22701088779169
            ],
            [
              6.975174883573203,
              45.416130705045305
            ],
            [
              6.920387307470037,
              45.56783674956503
            ],
            [
              6.810973556119421,
              45.73806809291793
            ],
            [
              6.946307632656243,
              45.776511978053406
            ],
            [
              6.8765959043336125,
              46.06029507628833
            ],
            [
              6.72470857485763,
              46.26769570358857
            ],
            [
              6.354379592905701,
              46.32190584944854
            ],
            [
              6.009125825724794,
              46.43195432597082
            ],
            [
              6.139406310357941,
              46.77379822106553
            ],
            [
              6.398265477814448,
              46.9935102122075
            ],
            [
              6.89726420826122,
              47.35915305273889
            ],
            [
              7.38693429005923,
              47.43618368234041
            ],
            [
              7.621028152738319,
              47.510815807089756
            ],
            [
              8.068236854927079,
              47.55474264453886
            ],
            [
              8.50491457424502,
              47.73632784651758
            ],
            [
              8.803394778783769,
              47.66076845664904
            ],
            [
              9.112600186551077,
              47.61277087869723
            ],
            [
              9.404875748831017,
              47.60085554527032
            ],
            [
              9.642225694713545,
              47.55928275429761
            ],
            [
              9.79315716550559,
              47.59000744576423
            ],
            [
              9.98979677090162,
              47.50058418493924
            ],
            [
              10.213022586746888,
              47.41127810396486
            ],
            [
              10.338749537191944,
              47.33883287224023
            ],
            [
              10.460058358381076,
              47.42395303982562
            ],
            [
              10.484693828192633,
              47.53557640874672
            ],
            [
              10.759572479124557,
              47.54787196710194
            ],
            [
              10.924531827639697,
              47.54936189398788
            ],
            [
              11.064262341658178,
              47.392846993241534
            ],
            [
              11.418972025333034,
              47.53375526904887
            ],
            [
              11.762004559782554,
              47.67361794480078
            ],
            [
              12.106163506324691,
              47.67339073545591
            ],
            [
              12.18912191830168,
              47.72880141950111
            ],
            [
              12.478166551081472,
              47.69052650377466
            ],
            [
              12.739701387228166,
              47.67027197446791
            ],
            [
              12.930037946778697,
              47.53879089216608
            ],
            [
              13.01459086337556,
              47.63072400010503
            ],
            [
              12.893158320075258,
              47.76174007499026
            ],
            [
              12.896357897211658,
              47.91939789840234
            ],
            [
              12.787611138676056,
              48.03161565486897
            ],
            [
              12.804882296246177,
              48.20779171020132
            ],
            [
              13.154554435091029,
              48.25103894812767
            ],
            [
              13.491335603602721,
              48.29352154621054
            ],
            [
              13.415994758910472,
              48.55483609774609
            ],
            [
              13.558373685227963,
              48.59957896307154
            ],
            [
              13.68480787634789,
              48.58855181057899
            ],
            [
              13.855177628466805,
              48.613985898277974
            ],
            [
              13.789449798994127,
              48.84483858623045
            ],
            [
              13.573302423300902,
              48.91028254131882
            ],
            [
              13.308730546466904,
              49.05535793235225
            ],
            [
              13.163931910889147,
              49.21546542111935
            ],
            [
              12.848591318446637,
              49.34279178898541
            ],
            [
              12.653017998651762,
              49.51741309137748
            ],
            [
              12.480431770400372,
              49.707426561489
            ],
            [
              12.478549388041245,
              49.86634628785416
            ],
            [
              12.18238759840483,
              49.99097362344162
            ],
            [
              12.0518800999088,
              50.36999882363526
            ],
            [
              12.374533902845428,
              50.293726616988465
            ],
            [
              12.57066088093282,
              50.42157372692449
            ],
            [
              12.941376988176813,
              50.53360045553677
            ],
            [
              13.413211979346926,
              50.675619988579854
            ],
            [
              13.837898455573992,
              50.81579138799597
            ],
            [
              14.190447224425782,
              50.97075347008254
            ],
            [
              14.293910073343966,
              51.11167023883357
            ],
            [
              14.56872474763071,
              51.06113438883301
            ],
            [
              14.789812587502524,
              50.91598672202235
            ],
            [
              14.922415273799714,
              51.119096037742764
            ],
            [
              14.832434499921675,
              51.42013414058218
            ],
            [
              14.716648901766774,
              51.736946624489775
            ],
            [
              14.699310114665252,
              51.973463739326235
            ],
            [
              14.554833198503815,
              52.258787089308754
            ],
            [
              14.514383306788659,
              52.605884131893845
            ],
            [
              14.338564262162691,
              52.812637968480914
            ],
            [
              14.16191745081042,
              53.050803331515226
            ],
            [
              14.329036351773766,
              53.38108246622116
            ],
            [
              14.546253097967508,
              53.53714554868799
            ],
            [
              14.219048741289896,
              53.902174468440506
            ],
            [
              13.897006227982843,
              54.15997891625196
            ],
            [
              13.811432633736558,
              54.41511557640436
            ],
            [
              12.801820961369486,
              54.47872104828494
            ],
            [
              11.887853108291978,
              54.36583743836519
            ],
            [
              11.310699085599964,
              54.39113111482098
            ],
            [
              10.963844037655917,
              54.671181150515906
            ],
            [
              10.951112311437157,
              55.01155593790821
            ],
            [
              10.990545006724517,
              55.26801454481679
            ],
            [
              10.427204530307534,
              55.66171410124326
            ],
            [
              10.208571089668368,
              55.97427645227816
            ],
            [
              10.749882547947266,
              56.239664647675966
            ],
            [
              10.839750972862845,
              56.50027098698345
            ],
            [
              10.320274983424866,
              56.63926678688179
            ],
            [
              10.445858606745674,
              57.13496923713572
            ],
            [
              10.209783547363372,
              57.61853412887422
            ],
            [
              9.462091587575571,
              57.17695904952018
            ],
            [
              8.578730322601189,
              56.672215891728
            ],
            [
              8.352370992649924,
              56.178068593163175
            ],
            [
              8.346449215534022,
              55.600217441749095
            ],
            [
              8.732423304224511,
              55.24376737166571
            ],
            [
              8.864270295085305,
              54.765742372351355
            ],
            [
              8.901139179891743,
              54.141207032487756
            ],
            [
              8.483766271147601,
              53.720826374820234
            ],
            [
              7.707316927876462,
              53.61734042917803
            ],
            [
              6.3952361334094405,
              53.49416049751321
            ],
            [
              5.636260808361726,
              53.2914707493122
            ],
            [
              5.621038769833149,
              52.70207837738914
            ],
            [
              4.819354870456209,
              53.17078783235789
            ],
            [
              4.854953272482447,
              52.64173539397237
            ],
            [
              4.359257377723424,
              52.11997867203132
            ],
            [
              3.810354672370295,
              51.68195152574887
            ],
            [
              3.081192844600423,
              51.230726725866475
            ],
            [
              1.9547196753450748,
              50.79039096284856
            ],
            [
              1.8568564835049983,
              50.25849575092789
            ],
            [
              1.3593421165278983,
              49.973075398300665
            ],
            [
              0.5380194800351603,
              49.800369917991816
            ],
            [
              0.02888722246177622,
              49.37945273839415
            ],
            [
              -0.4693920869489716,
              49.34993983559775
            ],
            [
              -1.1628223967289273,
              49.470519893698025
            ],
            [
              -1.528434105731236,
              49.118052431831785
            ],
            [
              -1.5490957599718342,
              48.62632446608524
            ],
            [
              -2.803486215410885,
              48.7302374202753
            ],
            [
              -2.960101294477454,
              49.4111362479525
            ],
            [
              -4.367773361540657,
              48.56851292821878
            ],
            [
              -4.308771312380827,
              47.914600770427995
            ],
            [
              -3.18920987793274,
              47.78326012946573
            ],
            [
              -2.303931195390703,
              47.49860980734539
            ],
            [
              -1.9555849434310915,
              46.91391280160724
            ],
            [
              -1.2755953268627422,
              46.295586326331346
            ],
            [
              -1.0261320177848745,
              45.58387251132339
            ],
            [
              -1.2186271210192672,
              44.45972126377899
            ],
            [
              -1.542437185252595,
              43.51362126346888
            ],
            [
              -2.4945033262846437,
              43.42077373242415
            ],
            [
              -3.452555940626155,
              43.51122805028717
            ],
            [
              -4.857937388900524,
              43.381971479106056
            ],
            [
              -6.482583442668897,
              43.453234850777676
            ],
            [
              -7.7547438691416914,
              43.770668531921075
            ],
            [
              -8.70038417288697,
              43.301344615730756
            ],
            [
              -9.151316318412654,
              43.06530102516638
            ],
            [
              -8.854556114310242,
              42.31270168538663
            ],
            [
              -8.64392582590159,
              41.61422882828245
            ],
            [
              -8.641939285194752,
              40.88029886708816
            ],
            [
              -8.89270232497239,
              40.097963775259245
            ],
            [
              -9.517988453924232,
              39.1329105652255
            ],
            [
              -8.98220447620281,
              38.59037505680138
            ],
            [
              -8.750304077093517,
              37.98686211738469
            ],
            [
              -8.883756785337681,
              37.16679743487629
            ],
            [
              -8.070896714418893,
              37.02463483592287
            ],
            [
              -7.383923831309318,
              37.23063932024907
            ],
            [
              -6.521423597117973,
              36.88387673858867
            ],
            [
              -6.090555831789231,
              36.177787372133494
            ],
            [
              -5.421059995993005,
              35.960711754622764
            ],
            [
              -4.794879212576177,
              36.3475579641498
            ],
            [
              -3.783429446394422,
              36.78793358223686
            ],
            [
              -2.733397137653185,
              36.78292172926486
            ],
            [
              -1.9155439538314738,
              37.165275175565895
            ],
            [
              -1.2087124418350186,
              37.717920965689615
            ],
            [
              -0.06878458757304884,
              38.531905187027064
            ],
            [
              -0.0912439727561889,
              39.15180216296045
            ],
            [
              0.3416690815308243,
              40.44019575738142
            ],
            [
              0.8152336939094198,
              40.93987284267911
            ],
            [
              2.6134442802070055,
              41.404461492847815
            ],
            [
              3.4873519681309517,
              42.17281678399877
            ],
            [
              3.1157384225829787,
              42.694440729520124
            ],
            [
              3.080494849314732,
              43.24657177089165
            ],
            [
              4.088253340249935,
              43.51900605286727
            ],
            [
              5.156982418977094,
              43.234715677925266
            ],
            [
              6.189021062510989,
              43.12207292503024
            ],
            [
              7.392342000092583,
              43.85812582602077
            ]
          ]
        ],
        "type": "Polygon"
      },
      "id": 8
    },
    {
      "type": "Feature",
      "properties": {
        "bgid": 9,
        "name": "balkán",
        "background": true
      },
      "geometry": {
        "coordinates": [
          [
            [
              24.845681229772737,
              52.00704686960711
            ],
            [
              25.81084949723035,
              51.96798337411201
            ],
            [
              26.443118698945483,
              51.839638864554644
            ],
            [
              27.119680319258322,
              51.77210077206095
            ],
            [
              27.175551849347016,
              51.63989919915454
            ],
            [
              27.621931967624676,
              51.58483572700871
            ],
            [
              27.845211575264273,
              51.544578825600695
            ],
            [
              28.494482895148337,
              51.60367523376024
            ],
            [
              28.83831875745841,
              51.504718343724164
            ],
            [
              29.338102541904192,
              51.67623136357463
            ],
            [
              29.648972996591255,
              51.41654506440872
            ],
            [
              30.526266763585113,
              51.4332631246055
            ],
            [
              30.691255158078178,
              51.71429778887972
            ],
            [
              30.858006954946745,
              51.995128133225194
            ],
            [
              31.287527271539147,
              52.144903907434156
            ],
            [
              31.879894032839104,
              52.12418775065558
            ],
            [
              32.31363153078334,
              52.2219453268396
            ],
            [
              32.531529089578356,
              52.33090185424936
            ],
            [
              32.986737154906876,
              52.29301271320668
            ],
            [
              33.62296303412589,
              52.36098881611164
            ],
            [
              33.99991828839927,
              52.34452724918364
            ],
            [
              34.34318973667385,
              52.03616567183238
            ],
            [
              34.54619722746119,
              51.75372073529229
            ],
            [
              34.359588764277476,
              51.53878163406276
            ],
            [
              34.443778348634396,
              51.24639528161015
            ],
            [
              35.010728843830776,
              51.29535457750666
            ],
            [
              35.3544967936071,
              51.177630595825065
            ],
            [
              35.61457052963942,
              50.62639161751849
            ],
            [
              35.77723036369312,
              50.42543338097528
            ],
            [
              36.10795534925384,
              50.423616030786604
            ],
            [
              36.68347883435416,
              50.32538939456015
            ],
            [
              37.51317392660724,
              50.3545465216761
            ],
            [
              38.300886814995266,
              50.05971315154571
            ],
            [
              38.58141599596112,
              49.94675901486616
            ],
            [
              39.16961885835701,
              49.811603599054735
            ],
            [
              39.5808351390136,
              49.77277385722053
            ],
            [
              39.848640244628825,
              49.5641312442022
            ],
            [
              40.305984594668104,
              49.56136333219615
            ],
            [
              40.31820336731752,
              49.32085371601758
            ],
            [
              40.21379162717923,
              49.13845225922685
            ],
            [
              39.84097838830675,
              48.92644604649499
            ],
            [
              39.98277801128722,
              48.72239601711223
            ],
            [
              39.765088174549646,
              48.58482096449728
            ],
            [
              39.914737957051386,
              48.460143315841464
            ],
            [
              40.04634723541051,
              48.163938380812
            ],
            [
              39.655894533813125,
              47.862233718810444
            ],
            [
              38.975749170521226,
              47.82054413925988
            ],
            [
              38.6468607813064,
              47.64675760367149
            ],
            [
              38.37499187053979,
              47.391925849019316
            ],
            [
              38.41984897968811,
              47.167130244553306
            ],
            [
              38.881307893388794,
              47.0601333236047
            ],
            [
              38.43674349374504,
              46.79825298479281
            ],
            [
              38.19428446984023,
              46.608148903876724
            ],
            [
              38.01309502596274,
              46.046570974897065
            ],
            [
              37.693145696190754,
              45.672206075732845
            ],
            [
              37.36441445742531,
              45.455433909604835
            ],
            [
              36.70738373931559,
              45.495437229284505
            ],
            [
              35.91948396936141,
              45.49236820652439
            ],
            [
              35.17034339820714,
              45.495934899189706
            ],
            [
              34.718496789208245,
              45.88212000565531
            ],
            [
              33.932702945096054,
              45.9136422375893
            ],
            [
              33.37039211217689,
              45.82241980862517
            ],
            [
              32.67534841243193,
              45.45079380114939
            ],
            [
              33.28916079854642,
              45.33826064244087
            ],
            [
              33.63660749278668,
              45.06673298786197
            ],
            [
              33.45260224849079,
              44.75631175236592
            ],
            [
              33.79393721811982,
              44.52008628465049
            ],
            [
              34.24466805144198,
              44.72829242513322
            ],
            [
              34.963233535183264,
              44.88408495036492
            ],
            [
              35.493812756620514,
              45.07157633365088
            ],
            [
              36.07401965024877,
              45.11966201677339
            ],
            [
              37.182345683448915,
              45.003560318959984
            ],
            [
              37.96526127326473,
              44.71419089303606
            ],
            [
              38.53865579048343,
              44.25439350847506
            ],
            [
              39.35321571093698,
              43.8867319020172
            ],
            [
              39.844434833728485,
              43.44005951571603
            ],
            [
              40.4113704852756,
              43.072832686705624
            ],
            [
              41.3520779412124,
              42.61257685321837
            ],
            [
              41.59123516605453,
              42.13300646673727
            ],
            [
              41.651775227607715,
              41.783737255324155
            ],
            [
              41.38200024451848,
              41.454624096929024
            ],
            [
              41.009695090137654,
              41.25236030374134
            ],
            [
              40.15172961889286,
              41.04103163429838
            ],
            [
              39.576868922783774,
              41.10348541796964
            ],
            [
              38.74689716996184,
              41.069526169114454
            ],
            [
              37.8583562971329,
              41.11630133655248
            ],
            [
              37.135326461150555,
              41.25413180818674
            ],
            [
              36.27660205946523,
              41.422359699929075
            ],
            [
              35.63511527677505,
              41.69957218240128
            ],
            [
              35.32740567885804,
              42.00050941023332
            ],
            [
              34.619540639540446,
              42.0073802726391
            ],
            [
              33.887777674196855,
              41.941723459726745
            ],
            [
              32.608611450020675,
              41.739299729559946
            ],
            [
              31.745850169489273,
              41.459748830645765
            ],
            [
              31.218293239792757,
              41.1501967451089
            ],
            [
              29.679266168566585,
              41.23635481471584
            ],
            [
              28.97040190794806,
              41.36594477241837
            ],
            [
              28.46669019797332,
              41.48929493774719
            ],
            [
              28.07198690523427,
              41.97752270338839
            ],
            [
              27.579499059012846,
              41.88917404239314
            ],
            [
              27.287508980142377,
              42.0411506968386
            ],
            [
              27.005251903901836,
              41.976062236345655
            ],
            [
              26.664596811886724,
              41.925391840580204
            ],
            [
              26.722994827660216,
              41.809422570443104
            ],
            [
              26.450470754048553,
              41.68597477441864
            ],
            [
              26.25581070146822,
              41.65689374102914
            ],
            [
              26.109815662033498,
              41.598692264735035
            ],
            [
              26.294742886153898,
              41.43836739853603
            ],
            [
              25.98328680202556,
              41.24838066082435
            ],
            [
              25.477170665317942,
              41.25569809120947
            ],
            [
              25.07811755752934,
              41.26301470195864
            ],
            [
              24.512627679985968,
              41.51129056947693
            ],
            [
              24.074642561680747,
              41.41647312048548
            ],
            [
              23.373866372392797,
              41.248379635054505
            ],
            [
              22.994279269862005,
              41.29227192296764
            ],
            [
              22.69255618836263,
              41.08718885252341
            ],
            [
              22.264304072686315,
              41.13118929922092
            ],
            [
              21.75818793597867,
              40.88146369840189
            ],
            [
              21.417532843963613,
              40.822567239325735
            ],
            [
              21.14500877035195,
              40.64556384744424
            ],
            [
              20.979547725658335,
              40.45327903773756
            ],
            [
              20.68755764678886,
              40.141499708839405
            ],
            [
              20.45396558369285,
              40.06705458166809
            ],
            [
              20.324572635159797,
              39.77961753954162
            ],
            [
              20.0739958514728,
              39.60603172456197
            ],
            [
              20.07039050874465,
              39.477293424002966
            ],
            [
              20.215005377103807,
              39.26153188103268
            ],
            [
              20.3963794780274,
              39.140901031083416
            ],
            [
              20.773350401037305,
              39.06303640075586
            ],
            [
              20.86883020330393,
              38.81133611790645
            ],
            [
              20.58345698346389,
              38.729904806913595
            ],
            [
              20.596423569336764,
              38.55610783912101
            ],
            [
              20.900456362116074,
              38.58052628772191
            ],
            [
              21.042609768672833,
              38.50508879038219
            ],
            [
              21.07130419780549,
              38.29756832776417
            ],
            [
              21.37290236311972,
              38.309524549534785
            ],
            [
              21.326775067857596,
              38.05989790568822
            ],
            [
              21.14368158075021,
              37.85297544117715
            ],
            [
              21.322866382559937,
              37.60567637652389
            ],
            [
              21.525029310230735,
              37.49905017138721
            ],
            [
              21.653854018490335,
              37.295779488118555
            ],
            [
              21.606374576097068,
              37.038152874879046
            ],
            [
              21.71775200212545,
              36.8569033013722
            ],
            [
              22.016765028737495,
              36.741692810387605
            ],
            [
              21.948907763758456,
              36.97146655270747
            ],
            [
              22.24418529397971,
              36.936777759110356
            ],
            [
              22.3138414978755,
              36.62564544384733
            ],
            [
              22.539314635068223,
              36.41294466951048
            ],
            [
              22.51785708471948,
              36.633388955720974
            ],
            [
              22.702957221261727,
              36.767762807363
            ],
            [
              22.91693161195937,
              36.44580133896682
            ],
            [
              23.24863235089748,
              36.51479941982626
            ],
            [
              23.068334739707552,
              36.77616901537138
            ],
            [
              22.972619988023723,
              37.07407765693242
            ],
            [
              22.887620248526645,
              37.452297188944655
            ],
            [
              23.213948124129047,
              37.27726302751705
            ],
            [
              23.499806992177184,
              37.4572981359845
            ],
            [
              23.27827606958067,
              37.5668017358515
            ],
            [
              23.14265279093496,
              37.701223465427944
            ],
            [
              23.13392015453951,
              37.9652231423032
            ],
            [
              23.61645582957655,
              37.9880679295827
            ],
            [
              23.885256156518352,
              37.74127299686337
            ],
            [
              24.073395548917063,
              37.77913646775717
            ],
            [
              23.98038345296669,
              38.029548820743685
            ],
            [
              23.69548998636924,
              38.299009461097256
            ],
            [
              23.959336577764674,
              38.30464942007879
            ],
            [
              24.18323946260861,
              38.09087101149879
            ],
            [
              24.475593507978886,
              38.02633418612234
            ],
            [
              24.618814246670127,
              38.165283767370624
            ],
            [
              24.457865939128567,
              38.209095076278885
            ],
            [
              24.20636528941486,
              38.37716991292754
            ],
            [
              24.009130358208836,
              38.66001425405696
            ],
            [
              23.80330539318058,
              38.6565917329126
            ],
            [
              23.505823419839032,
              38.742585037374226
            ],
            [
              23.767208181177807,
              38.88476259813794
            ],
            [
              24.26310510230303,
              39.12091434159305
            ],
            [
              24.346813421621675,
              39.339197697147796
            ],
            [
              23.96166619200494,
              39.32267182430448
            ],
            [
              23.65356586298512,
              39.20324659854447
            ],
            [
              23.28934220921434,
              39.39126419699812
            ],
            [
              23.09821336918705,
              39.66287670251532
            ],
            [
              23.31418640763843,
              39.885364376087495
            ],
            [
              23.669637045950566,
              40.029241702513616
            ],
            [
              23.912253396560345,
              39.96383488812228
            ],
            [
              23.950611849406954,
              40.17117639042334
            ],
            [
              24.266277234925326,
              40.174947530301296
            ],
            [
              24.0037868972114,
              40.39050756684617
            ],
            [
              23.843663151287757,
              40.64225604736549
            ],
            [
              23.88462657952357,
              40.76990302975892
            ],
            [
              24.095204570933504,
              40.84173051310114
            ],
            [
              24.61393445844263,
              40.754064289502196
            ],
            [
              24.899789552826007,
              40.88334142358943
            ],
            [
              25.612776620035334,
              40.77021981339948
            ],
            [
              25.97550597774935,
              40.712535436879136
            ],
            [
              26.110800813982564,
              40.597054832069176
            ],
            [
              26.38160106220019,
              40.538674350794764
            ],
            [
              26.604650134002952,
              40.330559340087376
            ],
            [
              26.33175084302684,
              40.04482218086204
            ],
            [
              26.210923041265573,
              39.850437887367775
            ],
            [
              26.105810457710106,
              39.667600983293
            ],
            [
              26.045909065559897,
              39.5305060096552
            ],
            [
              26.342157368591756,
              39.54103677716989
            ],
            [
              26.758505421720088,
              39.63016168010435
            ],
            [
              26.889592636658932,
              39.48042501328848
            ],
            [
              26.783589460377897,
              39.332656459551885
            ],
            [
              26.766284574649262,
              39.161399391045904
            ],
            [
              26.984681349067074,
              38.99955587796899
            ],
            [
              26.760761305063994,
              38.77351677606913
            ],
            [
              26.467520082918867,
              38.75261755089244
            ],
            [
              26.34902171570559,
              38.55915689492343
            ],
            [
              26.30338616171167,
              38.26251260148507
            ],
            [
              26.6371279585386,
              38.180624360129656
            ],
            [
              27.268720899805658,
              37.866170353964705
            ],
            [
              27.19284895723331,
              37.61752568152433
            ],
            [
              27.280261345655987,
              37.42344195368403
            ],
            [
              27.446897779054098,
              37.321576997737125
            ],
            [
              27.51770857276935,
              37.07534288082341
            ],
            [
              27.476261391251683,
              36.710642476109015
            ],
            [
              28.011482732839625,
              36.78172912753337
            ],
            [
              28.417240398312686,
              36.79767647497167
            ],
            [
              28.774587898469207,
              36.695193956093874
            ],
            [
              29.0338046903195,
              36.63060563488763
            ],
            [
              29.0500289352872,
              36.435711166675404
            ],
            [
              29.50116179018238,
              36.23985585663897
            ],
            [
              30.47197544871767,
              36.490745836819926
            ],
            [
              30.921885514901902,
              36.75992937367975
            ],
            [
              31.372313661584627,
              36.65587537706523
            ],
            [
              31.81927739674842,
              36.550645214235445
            ],
            [
              32.162838854952156,
              36.09567550386204
            ],
            [
              32.84856470589145,
              35.972776575798235
            ],
            [
              33.637390152895364,
              36.11942176451804
            ],
            [
              34.29055642853851,
              36.57668229115711
            ],
            [
              34.86522480745367,
              36.78385296622602
            ],
            [
              35.265897103777945,
              36.69200378211997
            ],
            [
              35.75189598908608,
              36.82044699051835
            ],
            [
              36.05343991444454,
              37.06834162456211
            ],
            [
              36.60544454865661,
              37.022676270877085
            ],
            [
              36.45623918516594,
              36.654606258990896
            ],
            [
              36.069269195272824,
              36.065074145864244
            ],
            [
              35.68341373450858,
              35.69467260901237
            ],
            [
              35.90045604582741,
              35.344400952801266
            ],
            [
              35.87669734253669,
              35.02706260437368
            ],
            [
              35.91447814183107,
              34.49076424176417
            ],
            [
              35.71541525447975,
              33.975332391016465
            ],
            [
              35.45677157178264,
              33.60441492873758
            ],
            [
              35.11369900813159,
              33.13210669025747
            ],
            [
              34.92115743559805,
              32.5370974853694
            ],
            [
              34.81414529619593,
              32.13991479009405
            ],
            [
              34.47272679054467,
              31.808212447216505
            ],
            [
              34.31239009934535,
              31.17998630445227
            ],
            [
              34.804634910951364,
              31.09457008976895
            ],
            [
              35.55475902181374,
              30.91155877118061
            ],
            [
              36.75851667857907,
              30.750697451141434
            ],
            [
              37.816788350882945,
              30.90019798796105
            ],
            [
              38.762261311867775,
              30.91365724883829
            ],
            [
              40.148244970647966,
              31.179043795227884
            ],
            [
              41.36824632660591,
              31.20598601013195
            ],
            [
              42.64100034775251,
              31.490189123491632
            ],
            [
              43.91592279322683,
              31.934760295444747
            ],
            [
              45.59645893517194,
              32.728416235544145
            ],
            [
              46.259085489246814,
              33.28440340615357
            ],
            [
              47.197619606268574,
              33.7689394271319
            ],
            [
              47.94319744872817,
              34.23433243473484
            ],
            [
              48.823207074716805,
              35.05201280436421
            ],
            [
              49.49124271730511,
              35.612821490538636
            ],
            [
              49.99088689057521,
              36.209634662693574
            ],
            [
              50.11512279374614,
              36.76180230064736
            ],
            [
              49.767962877885026,
              37.07953150145504
            ],
            [
              49.53918970168809,
              37.314311007731334
            ],
            [
              48.964932293224535,
              38.31695171845365
            ],
            [
              48.83506452764982,
              38.73919750927337
            ],
            [
              49.241124458856746,
              39.1807890889086
            ],
            [
              49.44180004581108,
              39.514771199243285
            ],
            [
              49.522340157309884,
              39.96073009201152
            ],
            [
              50.005097247447225,
              40.31387619610797
            ],
            [
              50.82269072002316,
              40.50313384108648
            ],
            [
              50.05031156131102,
              40.68582949495109
            ],
            [
              49.443595565953075,
              40.77061908638791
            ],
            [
              48.98134446518108,
              41.48409600705176
            ],
            [
              48.640896686514594,
              41.784802573570545
            ],
            [
              48.13626924597577,
              42.144654386243246
            ],
            [
              47.99993423546357,
              42.48337591497216
            ],
            [
              47.798283126568066,
              42.815908024003505
            ],
            [
              47.6782561563254,
              43.26414914605408
            ],
            [
              47.60438770178058,
              43.80631903815856
            ],
            [
              47.40666992863339,
              44.1844388282162
            ],
            [
              47.06026200583426,
              44.496796807976835
            ],
            [
              47.14185324924691,
              44.88271900797139
            ],
            [
              47.28997201986749,
              45.216762023771906
            ],
            [
              47.67933700927341,
              45.46465533606761
            ],
            [
              48.27802229003814,
              45.626368286689114
            ],
            [
              48.84029930029797,
              45.73940832743932
            ],
            [
              49.25751736093264,
              46.03369239857901
            ],
            [
              49.45296210378933,
              46.49213358716361
            ],
            [
              50.58490755469154,
              46.86447969469347
            ],
            [
              51.571082256334336,
              47.02360589194592
            ],
            [
              51.87536866852,
              47.44008696683355
            ],
            [
              52.220654316104515,
              48.38777791601805
            ],
            [
              52.69285488196212,
              50.21816199668115
            ],
            [
              52.83383137393122,
              51.4955299530844
            ],
            [
              52.70928359564118,
              52.91663941780874
            ],
            [
              51.69584154874295,
              55.18152508925479
            ],
            [
              51.287030233900936,
              56.27733811780598
            ],
            [
              49.870138422282565,
              57.209576964833786
            ],
            [
              47.47326663590957,
              58.04514960363181
            ],
            [
              46.207599447624546,
              58.44908341313115
            ],
            [
              43.844574905299,
              59.22196866531354
            ],
            [
              42.74781170933721,
              59.655177406642764
            ],
            [
              39.631877036536565,
              60.481840609447175
            ],
            [
              37.47737727654871,
              60.78650327650601
            ],
            [
              35.802884068065595,
              60.906242856907056
            ],
            [
              34.64294693901061,
              60.93490474095364
            ],
            [
              33.05109964358593,
              60.60901661205244
            ],
            [
              32.64442301710386,
              60.3654707367898
            ],
            [
              31.75968840823495,
              60.26383716979876
            ],
            [
              30.82158824608564,
              60.05693868550381
            ],
            [
              30.2024778246724,
              59.89099329653931
            ],
            [
              29.317846195977495,
              60.107799987585594
            ],
            [
              27.678187538122728,
              59.463604973922486
            ],
            [
              26.92940548054071,
              59.491738096814885
            ],
            [
              26.489539496380644,
              59.55917172680364
            ],
            [
              25.833145318372857,
              59.55637778887896
            ],
            [
              25.385707678311775,
              59.489468047670755
            ],
            [
              24.638117684874146,
              59.41089842295344
            ],
            [
              24.17296464794947,
              59.31685037741639
            ],
            [
              23.78018807107108,
              59.21965589106546
            ],
            [
              23.5296358021551,
              59.04107976991557
            ],
            [
              23.48717101519256,
              58.863332173205066
            ],
            [
              23.763798674312397,
              58.592405646404444
            ],
            [
              24.012880157970983,
              58.38007575036693
            ],
            [
              24.35053646261025,
              58.43869249523172
            ],
            [
              24.483123282164172,
              58.24962074678214
            ],
            [
              24.435336890325715,
              57.990497253009494
            ],
            [
              24.40926813058769,
              57.660747246356294
            ],
            [
              24.43102546058455,
              57.25079681132729
            ],
            [
              24.189112427147876,
              57.066879445144764
            ],
            [
              23.617149611651428,
              56.96172059073581
            ],
            [
              23.376553216408297,
              57.13224641929418
            ],
            [
              23.13137780506446,
              57.38217246109579
            ],
            [
              22.95940621287042,
              57.48722998478027
            ],
            [
              22.714328404159147,
              57.565256782945085
            ],
            [
              22.515971696473656,
              57.656735894552384
            ],
            [
              22.152815814604736,
              57.61347084861947
            ],
            [
              21.745392323186337,
              57.515708690319656
            ],
            [
              21.545773706928713,
              57.26117237327057
            ],
            [
              21.356180053201598,
              56.91515203925064
            ],
            [
              21.066430891462943,
              56.67343805353579
            ],
            [
              21.090720714965414,
              56.38548851290716
            ],
            [
              21.13952694848905,
              56.072842388665464
            ],
            [
              21.185955360280815,
              55.77412013891683
            ],
            [
              21.37113385055136,
              55.43984460000033
            ],
            [
              21.567768053580807,
              55.22299281241649
            ],
            [
              21.936281063590656,
              55.12533746833776
            ],
            [
              22.501504019231675,
              55.13244984697329
            ],
            [
              22.843203201069542,
              55.03217719293892
            ],
            [
              22.828814010993028,
              54.73503708821082
            ],
            [
              22.79018238331247,
              54.51534204951906
            ],
            [
              23.2590447412953,
              54.376694568352804
            ],
            [
              23.504682106487422,
              54.145628079961796
            ],
            [
              23.81301120096768,
              54.01728217197859
            ],
            [
              24.36138783230686,
              54.003434541074455
            ],
            [
              24.714224068156824,
              54.09174587552053
            ],
            [
              24.575688911209312,
              53.69288630406646
            ],
            [
              24.876250236009184,
              53.49713599578692
            ],
            [
              25.041096138136083,
              53.15973871294824
            ],
            [
              24.880643403388774,
              52.70840227305882
            ],
            [
              24.68153392468551,
              52.26883888653853
            ],
            [
              24.845681229772737,
              52.00704686960711
            ]
          ]
        ],
        "type": "Polygon"
      },
      "id": 9
    },
    {
      "type": "Feature",
      "properties": {
        "bgid": 10,
        "name": "lengyelország",
        "background": true
      },
      "geometry": {
        "coordinates": [
          [
            [
              23.92035439743873,
              50.90283807008689
            ],
            [
              23.569741988335323,
              51.68120528549014
            ],
            [
              24.080412642307067,
              51.627984093448504
            ],
            [
              24.378327927925113,
              51.95958630949667
            ],
            [
              24.748647972830298,
              51.97479856319475
            ],
            [
              24.60473637814468,
              52.2914037175868
            ],
            [
              24.91689613835041,
              52.67694852534689
            ],
            [
              24.939449889776967,
              53.19240135194846
            ],
            [
              24.73174056954619,
              53.46048258454152
            ],
            [
              24.595542471846898,
              53.64565823205902
            ],
            [
              24.65162670040786,
              54.04447592823226
            ],
            [
              24.449261318229304,
              53.93084834232755
            ],
            [
              24.19283056407727,
              53.97553923544953
            ],
            [
              23.999663608361317,
              53.98095129961476
            ],
            [
              23.834091932032322,
              53.97553923544953
            ],
            [
              23.56733756461449,
              53.94846837503508
            ],
            [
              23.539742285225742,
              54.08364708535754
            ],
            [
              23.502948579375214,
              54.20224153923982
            ],
            [
              23.410964314748128,
              54.27753411565786
            ],
            [
              23.254591064882703,
              54.30976034672133
            ],
            [
              23.07982096209105,
              54.37413723081633
            ],
            [
              22.932646138688227,
              54.41699920047418
            ],
            [
              22.78547131528535,
              54.449116318502774
            ],
            [
              22.73947918297131,
              54.55065462267592
            ],
            [
              22.776272888822746,
              54.66258807184008
            ],
            [
              22.881967710452386,
              54.82156950342065
            ],
            [
              22.835975578139255,
              54.94333177411559
            ],
            [
              22.707197607661698,
              55.03309380920686
            ],
            [
              22.578419637183146,
              55.06999636151917
            ],
            [
              22.42204638731772,
              55.05418514326419
            ],
            [
              22.201284152212992,
              55.027819241503636
            ],
            [
              22.001878817303805,
              55.08053370663194
            ],
            [
              21.827108362736993,
              55.112129055895934
            ],
            [
              21.652338037894395,
              55.20151386075693
            ],
            [
              21.523560067416838,
              55.227765437282386
            ],
            [
              21.385583670476592,
              55.306416392318766
            ],
            [
              21.348789964625155,
              55.248754242439446
            ],
            [
              21.229210401867192,
              55.197033842241495
            ],
            [
              21.266004052794813,
              55.06550147046943
            ],
            [
              21.28440090571999,
              54.938822676440594
            ],
            [
              20.888868567823664,
              54.93353571591689
            ],
            [
              20.608557290881066,
              54.95996357349401
            ],
            [
              20.277413878512334,
              54.981093348872804
            ],
            [
              20.01065951109453,
              54.970529843811335
            ],
            [
              19.983064231705725,
              54.822349010162526
            ],
            [
              20.093445349258133,
              54.74805416083174
            ],
            [
              20.415390275452552,
              54.732116087051054
            ],
            [
              20.323406010826403,
              54.652331687632824
            ],
            [
              19.946291092999758,
              54.50298325083662
            ],
            [
              19.716330431432397,
              54.39061109220353
            ],
            [
              19.523163072124845,
              54.30478725944849
            ],
            [
              19.339194542871553,
              54.315525033363485
            ],
            [
              18.787288955109744,
              54.39061108874722
            ],
            [
              18.566526720005015,
              54.39061108874722
            ],
            [
              18.594121999392883,
              54.52435254131936
            ],
            [
              18.51133616122837,
              54.6310315237634
            ],
            [
              18.46534388033254,
              54.7533675887924
            ],
            [
              18.30897063046706,
              54.86474411545254
            ],
            [
              17.57309651345099,
              54.77991363989966
            ],
            [
              17.01199249922658,
              54.61504744298762
            ],
            [
              16.49688061731615,
              54.54571064467157
            ],
            [
              16.202530970509542,
              54.277930554124
            ],
            [
              14.516048734823755,
              53.93817764147224
            ],
            [
              14.59153012039809,
              53.88034803908948
            ],
            [
              14.599078258955501,
              53.78230019432786
            ],
            [
              14.553789427610894,
              53.74212358717247
            ],
            [
              14.599078258955501,
              53.63927544355056
            ],
            [
              14.62172267462779,
              53.54963809599212
            ],
            [
              14.583981981840623,
              53.45531425375856
            ],
            [
              14.49340431915141,
              53.419326180659255
            ],
            [
              14.402826656460718,
              53.37429825009437
            ],
            [
              14.425471072133007,
              53.26603688394326
            ],
            [
              14.402826656460718,
              53.16655607653294
            ],
            [
              14.334893409443794,
              53.089526355596604
            ],
            [
              14.259412023867952,
              53.04869004289219
            ],
            [
              14.183930638293646,
              52.96235293659154
            ],
            [
              14.176382499736178,
              52.866726860730836
            ],
            [
              14.327345270886383,
              52.816552780052234
            ],
            [
              14.60848450680993,
              52.632026790845174
            ],
            [
              14.63867706103963,
              52.55863333304444
            ],
            [
              14.593388229695051,
              52.50350759127588
            ],
            [
              14.548099398350445,
              52.397656558101204
            ],
            [
              14.555647536907884,
              52.305405447603135
            ],
            [
              14.683965892384265,
              52.268451117795166
            ],
            [
              14.683965892384265,
              52.199078706167654
            ],
            [
              14.736802862287817,
              52.12032562366875
            ],
            [
              14.7141584466155,
              52.01355559735819
            ],
            [
              14.646225199597069,
              51.91118893591741
            ],
            [
              14.60093636825249,
              51.82726056799004
            ],
            [
              14.699062169499115,
              51.733823196366274
            ],
            [
              14.721706585172967,
              51.630818657715594
            ],
            [
              14.766995416517545,
              51.55575913704482
            ],
            [
              14.925668366057636,
              51.449459798556234
            ],
            [
              15.023794167304288,
              51.336374939525655
            ],
            [
              15.00114975163197,
              51.17095852804417
            ],
            [
              14.940764643172571,
              51.04294502625126
            ],
            [
              14.865283257598207,
              50.92885767527574
            ],
            [
              15.00114975163197,
              50.92885767527574
            ],
            [
              14.955860920287392,
              50.985936375260025
            ],
            [
              15.00114975163197,
              51.047692586159485
            ],
            [
              15.129468107109858,
              51.02394992398712
            ],
            [
              15.250238636059066,
              51.03344841377225
            ],
            [
              15.310623744518523,
              50.96216206422906
            ],
            [
              15.378556991536954,
              50.857410715164605
            ],
            [
              15.499327208455895,
              50.8288012726978
            ],
            [
              15.66538644038144,
              50.77152978546957
            ],
            [
              15.846541765761344,
              50.80017429610672
            ],
            [
              15.899378735664868,
              50.71418814225416
            ],
            [
              16.05999364133322,
              50.66130405690075
            ],
            [
              16.259366554915744,
              50.68824846695736
            ],
            [
              16.39200212991858,
              50.639177714821415
            ],
            [
              16.43215338597514,
              50.5509489318392
            ],
            [
              16.355193230372237,
              50.45273988363223
            ],
            [
              16.46499001287674,
              50.373493019331306
            ],
            [
              16.57500420405384,
              50.27934824319004
            ],
            [
              16.68376409741728,
              50.19995864879883
            ],
            [
              16.755896521702084,
              50.149458586305286
            ],
            [
              16.891657340199373,
              50.24107652802576
            ],
            [
              16.945880831731927,
              50.33845081733293
            ],
            [
              16.85911643935333,
              50.455529421837184
            ],
            [
              17.02209165784754,
              50.47318652293441
            ],
            [
              17.233583190912867,
              50.439473948311445
            ],
            [
              17.363760185811884,
              50.382089616615275
            ],
            [
              17.539124444119466,
              50.35477464215239
            ],
            [
              17.736427223694733,
              50.3644551416981
            ],
            [
              17.820293779232372,
              50.254294263025514
            ],
            [
              17.79901842259639,
              50.17263953755847
            ],
            [
              17.811763812569495,
              50.120938452381154
            ],
            [
              17.962367303895093,
              50.10018465303048
            ],
            [
              18.159364280951536,
              50.04996296647707
            ],
            [
              18.32160671037707,
              49.976983498954525
            ],
            [
              18.436794225997488,
              49.96278731215796
            ],
            [
              18.609561120628882,
              49.91904722549722
            ],
            [
              18.621702034520354,
              49.81537312311778
            ],
            [
              18.79383479624215,
              49.756486424783645
            ],
            [
              18.862698290950874,
              49.660177828513326
            ],
            [
              18.988369153020415,
              49.57117756489501
            ],
            [
              19.01111619766033,
              49.496923896425415
            ],
            [
              19.1592430877312,
              49.48930454982616
            ],
            [
              19.20508998077807,
              49.54860530827344
            ],
            [
              19.28534455134354,
              49.61517369781737
            ],
            [
              19.4683283926733,
              49.636680645864885
            ],
            [
              19.570377621289538,
              49.561897169506494
            ],
            [
              19.626573120686288,
              49.48727121429184
            ],
            [
              19.78558402696771,
              49.441493467762484
            ],
            [
              19.807385858347402,
              49.374386900543755
            ],
            [
              19.817013211116034,
              49.2552207756155
            ],
            [
              20.02119327699802,
              49.23085449172791
            ],
            [
              20.079872105183995,
              49.32701654190353
            ],
            [
              20.183942191800156,
              49.4002025292674
            ],
            [
              20.287296541644366,
              49.42863599173876
            ],
            [
              20.459372734520628,
              49.455960077152014
            ],
            [
              20.66520966533409,
              49.45266634404726
            ],
            [
              20.90285039502774,
              49.36638394107749
            ],
            [
              21.01809347020489,
              49.386421526844885
            ],
            [
              21.135505158481408,
              49.45846093525881
            ],
            [
              21.228241636255888,
              49.4787672208445
            ],
            [
              21.423676367582743,
              49.47417589343854
            ],
            [
              21.745736751192027,
              49.41452764359585
            ],
            [
              21.92588876302628,
              49.37408564065498
            ],
            [
              22.316940538667637,
              49.17674256456189
            ],
            [
              22.739898029229437,
              49.07930030379811
            ],
            [
              22.645235922731672,
              49.533161051799084
            ],
            [
              23.685879140911823,
              50.40067634422246
            ],
            [
              24.022535130402275,
              50.47597526807792
            ],
            [
              23.92035439743873,
              50.90283807008689
            ]
          ]
        ],
        "type": "Polygon"
      },
      "id": 10
    }
  ]
};
