var hungary13 = {
  "type": "FeatureCollection",
  "features": [
    {
      "type": "Feature",
      "properties": {
        "tid": 0,
        "tname": "South Africa"
      },
      "geometry": {
        "coordinates": [
          [
            [
              15.3657707628212,
              45.641653873489844
            ],
            [
              15.270534594016652,
              45.621162813551194
            ],
            [
              15.307163889711632,
              45.54938510561695
            ],
            [
              15.37309662195986,
              45.50319382903069
            ],
            [
              15.313228065661463,
              45.45685399102226
            ],
            [
              15.22531775599569,
              45.44143579619896
            ],
            [
              15.130081587192677,
              45.44143579619896
            ],
            [
              15.064148854944449,
              45.48767773703821
            ],
            [
              14.968912686139959,
              45.49281338906786
            ],
            [
              14.902979953891702,
              45.539013185173786
            ],
            [
              14.859024799058119,
              45.48767773703821
            ],
            [
              14.778440348532484,
              45.50308328830616
            ],
            [
              14.6978558980054,
              45.52874984168085
            ],
            [
              14.683204179727994,
              45.59542809409945
            ],
            [
              14.609945588341049,
              45.626175982102126
            ],
            [
              14.587968010924925,
              45.67226620860046
            ],
            [
              14.50738356039787,
              45.615928559047006
            ],
            [
              14.456102546427019,
              45.523617467539594
            ],
            [
              14.360866377624035,
              45.50308328830616
            ],
            [
              14.214349194848666,
              45.49794857282339
            ],
            [
              14.141090603460242,
              45.48767773703821
            ],
            [
              14.009225138963757,
              45.49794857282339
            ],
            [
              13.913988970159295,
              45.513351314459726
            ],
            [
              13.899337251881917,
              45.47226797128957
            ],
            [
              13.818752801354805,
              45.451715061033724
            ],
            [
              13.664909759442253,
              45.46199245272686
            ],
            [
              13.562347731499074,
              45.48767773703821
            ],
            [
              13.474437421834779,
              45.49794857282339
            ],
            [
              13.52571843580563,
              45.379720870659696
            ],
            [
              13.57699944977648,
              45.292175955893015
            ],
            [
              13.591651168053858,
              45.20449569699832
            ],
            [
              13.620954604608613,
              45.116680090384705
            ],
            [
              13.67956147771963,
              45.04943565336774
            ],
            [
              13.767471787383982,
              44.971747566391855
            ],
            [
              13.78944936480005,
              44.89914361157864
            ],
            [
              13.848056237911095,
              44.82125179599308
            ],
            [
              13.913988970159295,
              44.79526444066781
            ],
            [
              13.99457342068493,
              44.80046284839818
            ],
            [
              13.97992170240758,
              44.904332652572776
            ],
            [
              14.067832012073296,
              44.982112066453
            ],
            [
              14.17771989915525,
              45.0339064661525
            ],
            [
              14.250978490542138,
              45.137354762813914
            ],
            [
              14.250978490542138,
              45.20449569699832
            ],
            [
              14.2949336453743,
              45.292175955893015
            ],
            [
              14.375518095901384,
              45.3488381196905
            ],
            [
              14.478080123843085,
              45.31793850960631
            ],
            [
              14.60261972920236,
              45.271557483183415
            ],
            [
              14.646574884034521,
              45.225138522648905
            ],
            [
              14.6978558980054,
              45.18384537804249
            ],
            [
              14.800417925948551,
              45.12184946100038
            ],
            [
              14.895654094753013,
              45.05978610313025
            ],
            [
              14.917631672169136,
              44.98729361396846
            ],
            [
              14.910305813030448,
              44.90952122522614
            ],
            [
              14.902979953891702,
              44.81085825886194
            ],
            [
              14.902979953891702,
              44.738051045894366
            ],
            [
              14.939609249585203,
              44.613025126537366
            ],
            [
              15.005541981833431,
              44.53474694811993
            ],
            [
              15.064148854944449,
              44.498181073563075
            ],
            [
              15.181362601163556,
              44.445904306956834
            ],
            [
              15.349857361354935,
              44.37787450638473
            ],
            [
              15.525678781445038,
              44.28285769674915
            ],
            [
              15.540330499722387,
              44.1673633132462
            ],
            [
              15.540330499722387,
              44.08322508031742
            ],
            [
              15.503701204028971,
              43.98842632921816
            ],
            [
              15.47439776747413,
              43.851227079410506
            ],
            [
              15.613589091109333,
              43.782508821240356
            ],
            [
              15.7234769781912,
              43.713711484523515
            ],
            [
              15.855342442689164,
              43.70312026059179
            ],
            [
              15.994533766325816,
              43.69782394682787
            ],
            [
              16.170354385655912,
              43.66073665063314
            ],
            [
              16.32419742756997,
              43.650136069745145
            ],
            [
              16.470714610343776,
              43.650136069745145
            ],
            [
              16.639209370535212,
              43.650136069745145
            ],
            [
              16.793052412449242,
              43.650136069745145
            ],
            [
              16.888288581253732,
              43.68722991572582
            ],
            [
              16.808686188872855,
              43.76829565698915
            ],
            [
              16.706124160931154,
              43.80531642396451
            ],
            [
              16.67682072437634,
              43.86872725051472
            ],
            [
              16.588910414710625,
              43.91624114680678
            ],
            [
              16.544955259878435,
              43.99007630195263
            ],
            [
              16.43506737279654,
              44.058555374450464
            ],
            [
              16.369134640548282,
              44.10591762252142
            ],
            [
              16.288550190022704,
              44.14798556680259
            ],
            [
              16.21529159863428,
              44.21628207508428
            ],
            [
              16.193314021218185,
              44.30547350998222
            ],
            [
              16.21529159863428,
              44.35787585282284
            ],
            [
              16.156684725524713,
              44.420696858270844
            ],
            [
              16.120055429831297,
              44.514801938705176
            ],
            [
              16.024819261026806,
              44.57223590948564
            ],
            [
              16.039470979304184,
              44.62961321703878
            ],
            [
              15.95156066963986,
              44.70255692777852
            ],
            [
              15.878302078251437,
              44.73379041915322
            ],
            [
              15.775740050309793,
              44.74419783636708
            ],
            [
              15.739110754614785,
              44.83778029216134
            ],
            [
              15.783065909448453,
              44.88451461744873
            ],
            [
              15.768414191171019,
              44.97268706200077
            ],
            [
              15.80504348686452,
              45.0141331428066
            ],
            [
              15.746436613753502,
              45.10727723235985
            ],
            [
              15.775740050309793,
              45.148625898033856
            ],
            [
              15.827021064280615,
              45.21059269616859
            ],
            [
              15.797717627725802,
              45.251866428402536
            ],
            [
              15.761088332032386,
              45.334323974818545
            ],
            [
              15.80504348686452,
              45.40123245440972
            ],
            [
              15.717133177198718,
              45.473199231999615
            ],
            [
              15.607245290118357,
              45.509148202018196
            ],
            [
              15.49735740303646,
              45.53994334236259
            ],
            [
              15.409447093372194,
              45.575849700278894
            ],
            [
              15.3657707628212,
              45.641653873489844
            ]
          ]
        ],
        "type": "Polygon"
      },
      "id": 0
    },
    {
      "type": "Feature",
      "properties": {
        "tid": 1,
        "tname": "East Africa"
      },
      "geometry": {
        "coordinates": [
          [
            [
              15.700528931163916,
              45.4787652589921
            ],
            [
              15.797427951798966,
              45.38035984711718
            ],
            [
              15.7671079616388,
              45.32069771824098
            ],
            [
              15.797427951798966,
              45.22681587661816
            ],
            [
              15.900515918344894,
              45.22254483001612
            ],
            [
              16.00360388488957,
              45.22681587661816
            ],
            [
              16.033923875049794,
              45.17554213876198
            ],
            [
              16.08243585930734,
              45.11994344465538
            ],
            [
              16.13094784356366,
              45.08998322373972
            ],
            [
              16.17945982782001,
              45.03430109705212
            ],
            [
              16.264355800269755,
              45.02144367399626
            ],
            [
              16.349251772719555,
              45.012870454141876
            ],
            [
              16.40382775500791,
              45.08142027256602
            ],
            [
              16.40989175304,
              45.132778725918854
            ],
            [
              16.482659729425706,
              45.17126724149102
            ],
            [
              16.50691572155384,
              45.22254483001612
            ],
            [
              16.616067686130606,
              45.22681587661816
            ],
            [
              16.719155652676477,
              45.21827346252695
            ],
            [
              16.82830761725444,
              45.20545743473218
            ],
            [
              16.90107559363895,
              45.252435417620916
            ],
            [
              16.949587577896494,
              45.278043406786225
            ],
            [
              17.01022755821691,
              45.23535700716215
            ],
            [
              17.08905953263462,
              45.179816715142096
            ],
            [
              17.070867538538522,
              45.252435417620916
            ],
            [
              17.13150751885894,
              45.45272216922896
            ],
            [
              17.228531487372834,
              45.57170503253178
            ],
            [
              17.289171467693194,
              45.67772717971155
            ],
            [
              17.28310746966116,
              45.74547612817298
            ],
            [
              17.2224674893408,
              45.7962339468412
            ],
            [
              17.380131438175056,
              45.92292641178878
            ],
            [
              17.23459548540481,
              46.08298915656934
            ],
            [
              17.040547548377077,
              46.183842834022755
            ],
            [
              16.882883599542822,
              46.28870236710617
            ],
            [
              16.846499611350566,
              46.35152191325278
            ],
            [
              16.743411644804667,
              46.20902739629835
            ],
            [
              16.55542770581019,
              46.17544541496804
            ],
            [
              16.440211743200194,
              46.15444625632995
            ],
            [
              16.391699758943844,
              46.024072548784915
            ],
            [
              16.33712377665549,
              45.918707980434334
            ],
            [
              16.21584381601346,
              45.85961626394692
            ],
            [
              16.0884998573394,
              45.82582134285599
            ],
            [
              16.03998787308305,
              45.71584606834023
            ],
            [
              15.918707912441022,
              45.56321459847234
            ],
            [
              15.748915967542672,
              45.50799549536447
            ],
            [
              15.700528931163916,
              45.4787652589921
            ]
          ]
        ],
        "type": "Polygon"
      },
      "id": 1
    },
    {
      "type": "Feature",
      "properties": {
        "tid": 2,
        "tname": "Congo"
      },
      "geometry": {
        "coordinates": [
          [
            [
              17.256121287319303,
              46.664248605554405
            ],
            [
              17.079280161345793,
              46.63753672972399
            ],
            [
              16.86510438571068,
              46.673642225705805
            ],
            [
              16.455007079948786,
              46.68667845163108
            ],
            [
              16.36064982317248,
              46.53973158084116
            ],
            [
              16.192074150957524,
              46.435498914614726
            ],
            [
              15.875090764514226,
              46.35187912464224
            ],
            [
              15.742440874466439,
              46.29411356380271
            ],
            [
              15.624276411548323,
              46.21950217971806
            ],
            [
              15.526309858841557,
              46.121445999225216
            ],
            [
              15.450816360442872,
              46.06644717248153
            ],
            [
              15.411304570957185,
              45.98773854698081
            ],
            [
              15.383791905815968,
              45.86881739700419
            ],
            [
              15.304290740385909,
              45.755959042813544
            ],
            [
              15.34725963599206,
              45.67345290679404
            ],
            [
              15.411712979401386,
              45.59082495575686
            ],
            [
              15.562104114025203,
              45.53818010443129
            ],
            [
              15.712495248647912,
              45.4779541497646
            ],
            [
              15.938081950581534,
              45.59082495575686
            ],
            [
              16.03476196569659,
              45.733469449700436
            ],
            [
              16.078436518726505,
              45.83834337256857
            ],
            [
              16.232767780135276,
              45.886723644392646
            ],
            [
              16.34628645884473,
              45.94302000529569
            ],
            [
              16.43581414955645,
              46.16103139144872
            ],
            [
              16.73420637014982,
              46.21321809089244
            ],
            [
              16.857817064274798,
              46.36814499021901
            ],
            [
              17.148957124682312,
              46.47653970308954
            ],
            [
              17.256121287319303,
              46.664248605554405
            ]
          ]
        ],
        "type": "Polygon"
      },
      "id": 2
    },
    {
      "type": "Feature",
      "properties": {
        "tid": 3,
        "tname": "Egypt"
      },
      "geometry": {
        "coordinates": [
          [
            [
              16.87957057752314,
              46.333139915055
            ],
            [
              16.951750559858368,
              46.24086246859375
            ],
            [
              17.096110524527347,
              46.17592585584339
            ],
            [
              17.161072508627655,
              46.15592991473838
            ],
            [
              17.182726503328354,
              46.12341017247991
            ],
            [
              17.21393675210433,
              46.10510308666028
            ],
            [
              17.249948577614987,
              46.083459599041504
            ],
            [
              17.28355961475785,
              46.030147132297145
            ],
            [
              17.33157538210574,
              45.98679285267448
            ],
            [
              17.389194302921993,
              45.94507399909264
            ],
            [
              17.427606916799505,
              45.93171733022885
            ],
            [
              17.48282504924893,
              45.940065625305294
            ],
            [
              17.56925343047436,
              45.93171733022885
            ],
            [
              17.602864467617138,
              45.9150169696714
            ],
            [
              17.638876293127822,
              45.87324407370073
            ],
            [
              17.66768575353595,
              45.84314813220436
            ],
            [
              17.734907827822582,
              45.823075121426825
            ],
            [
              17.78292359516948,
              45.81136252167954
            ],
            [
              17.835740939252048,
              45.79797367669457
            ],
            [
              17.866951188028054,
              45.76783701012877
            ],
            [
              17.953379569252462,
              45.78458161385299
            ],
            [
              18.035006373743187,
              45.76951169676224
            ],
            [
              18.07581977598852,
              45.76783701012877
            ],
            [
              18.13824027353951,
              45.77453545497937
            ],
            [
              18.212664712928614,
              45.764487486021125
            ],
            [
              18.29909309415308,
              45.75443770696123
            ],
            [
              18.39032305211316,
              45.74941213863818
            ],
            [
              18.459946256071476,
              45.74606208457132
            ],
            [
              18.49115650484748,
              45.776210516402955
            ],
            [
              18.548775425663763,
              45.78960459028659
            ],
            [
              18.570382520970384,
              45.8063426574995
            ],
            [
              18.61119592321566,
              45.82642170138885
            ],
            [
              18.63760459525696,
              45.85652669232269
            ],
            [
              18.654410113827907,
              45.88995757738073
            ],
            [
              18.690421939338563,
              45.91334723160932
            ],
            [
              18.752842436890518,
              45.90332430064842
            ],
            [
              18.815262934441506,
              45.884944226633166
            ],
            [
              18.853675548320012,
              45.90833599235873
            ],
            [
              18.89448895056435,
              45.92503836364628
            ],
            [
              18.976115755055076,
              45.93004809471887
            ],
            [
              19.007326003831025,
              45.92503836364628
            ],
            [
              19.050540194443244,
              45.96677229794773
            ],
            [
              19.093754385056457,
              45.975115314518945
            ],
            [
              19.10095675015802,
              46.015144300538424
            ],
            [
              19.172980401179302,
              46.00513976850348
            ],
            [
              19.264210359139383,
              45.99513342683662
            ],
            [
              19.345835860015512,
              46.041814238834036
            ],
            [
              19.405855569199645,
              46.05347827596242
            ],
            [
              19.48028000858784,
              46.085125390084585
            ],
            [
              19.521093410833174,
              46.1250747568167
            ],
            [
              19.530696568135454,
              46.163332401835675
            ],
            [
              19.614724160993006,
              46.17829554732751
            ],
            [
              19.68194623527964,
              46.189930735038445
            ],
            [
              19.727561214258714,
              46.17995786776777
            ],
            [
              19.77797776997346,
              46.15002841058788
            ],
            [
              19.816390383851967,
              46.13505757569618
            ],
            [
              19.87400930466825,
              46.15169158539581
            ],
            [
              19.827495766675895,
              46.22926716969795
            ],
            [
              19.79590335543233,
              46.271279581993184
            ],
            [
              19.686545008820133,
              46.42728326321577
            ],
            [
              19.652435089832494,
              46.59829649937555
            ],
            [
              19.59554545325787,
              46.653895152190614
            ],
            [
              19.593357390313173,
              46.707936331399026
            ],
            [
              19.53646775373855,
              46.70943670368408
            ],
            [
              19.44238104709686,
              46.697432557640525
            ],
            [
              19.392055599358088,
              46.697432557640525
            ],
            [
              19.330789836893217,
              46.67792012734856
            ],
            [
              19.273900200319417,
              46.680922498484534
            ],
            [
              19.2257628155254,
              46.66891201293922
            ],
            [
              19.171061241896382,
              46.682423621490244
            ],
            [
              19.15136867538962,
              46.71993814193016
            ],
            [
              19.063846157583868,
              46.72593804628147
            ],
            [
              19.01411756134405,
              46.816945994353745
            ],
            [
              19.005365309563473,
              46.86334413072254
            ],
            [
              18.830320273756172,
              47.039589918957404
            ],
            [
              18.650899112252574,
              47.058971337858395
            ],
            [
              18.52793796823221,
              47.13402722368795
            ],
            [
              18.41634675802851,
              47.08935323612022
            ],
            [
              18.258806225977253,
              47.05656847759886
            ],
            [
              18.147215015773554,
              47.035694948147125
            ],
            [
              18.166907582280317,
              47.002877184345834
            ],
            [
              18.17347177111617,
              46.98347538777861
            ],
            [
              18.15815533049971,
              46.9506255313228
            ],
            [
              18.070632065932386,
              46.91177678412433
            ],
            [
              17.98092148518012,
              46.88486511374836
            ],
            [
              17.91746765977055,
              46.86841244354795
            ],
            [
              17.86495414908711,
              46.83848557337569
            ],
            [
              17.74242262415811,
              46.802551314717306
            ],
            [
              17.650523980461173,
              46.77408632674121
            ],
            [
              17.578317903270943,
              46.753102492479684
            ],
            [
              17.532368581422503,
              46.72611126687207
            ],
            [
              17.43171768594499,
              46.700607146858744
            ],
            [
              17.366075797589787,
              46.69910652915516
            ],
            [
              17.335442916357778,
              46.70810960978696
            ],
            [
              17.2829294056734,
              46.68409805824311
            ],
            [
              17.258860713276363,
              46.62552516880976
            ],
            [
              17.236979619551732,
              46.572905531593506
            ],
            [
              17.1669616053062,
              46.50065863887079
            ],
            [
              17.068498772774262,
              46.43283987278389
            ],
            [
              16.96565981435208,
              46.38003352547926
            ],
            [
              16.87957057752314,
              46.333139915055
            ]
          ]
        ],
        "type": "Polygon"
      },
      "id": 3
    },
    {
      "type": "Feature",
      "properties": {
        "tid": 4,
        "tname": "West Africa"
      },
      "geometry": {
        "coordinates": [
          [
            [
              17.130817176372403,
              48.00189238016338
            ],
            [
              17.078640817039457,
              47.91104256499375
            ],
            [
              17.00559391397485,
              47.86905799726509
            ],
            [
              17.0682055451731,
              47.78498674007608
            ],
            [
              17.047335001440302,
              47.69375585111604
            ],
            [
              16.880370651577294,
              47.679706139610516
            ],
            [
              16.765582661046125,
              47.679706139610516
            ],
            [
              16.682100486114052,
              47.73588228019108
            ],
            [
              16.49079586074791,
              47.713364206614585
            ],
            [
              16.4177489576833,
              47.65716378721231
            ],
            [
              16.605583851279107,
              47.61497373276924
            ],
            [
              16.678630754344795,
              47.5375368143884
            ],
            [
              16.657760210611997,
              47.452929549759034
            ],
            [
              16.5116664044817,
              47.4105747921121
            ],
            [
              16.4177489576833,
              47.27622647824214
            ],
            [
              16.449054773282427,
              47.12023803776563
            ],
            [
              16.49079586074791,
              47.01361931184118
            ],
            [
              16.323831510884844,
              46.97091210438475
            ],
            [
              16.094255529822448,
              46.899657580449
            ],
            [
              16.250784607819185,
              46.81402698818562
            ],
            [
              16.386443142084147,
              46.72110640034464
            ],
            [
              16.453420354377414,
              46.69566362032759
            ],
            [
              16.656324167997923,
              46.69276436051118
            ],
            [
              16.852934036664408,
              46.67493064883405
            ],
            [
              16.983623020512766,
              46.65522630203171
            ],
            [
              17.13717546875816,
              46.652678605008106
            ],
            [
              17.206261296859623,
              46.657944943454254
            ],
            [
              17.269371642352553,
              46.68756752788606
            ],
            [
              17.230701384912436,
              46.719077832584475
            ],
            [
              17.21632654770599,
              46.74366165984898
            ],
            [
              17.265648645205914,
              46.790508143572225
            ],
            [
              17.332599548271816,
              46.7599400467511
            ],
            [
              17.399550451339223,
              46.79560113942463
            ],
            [
              17.511135289782374,
              46.79560113942463
            ],
            [
              17.61528113899749,
              46.841416414016805
            ],
            [
              17.67479305283385,
              46.887192652872585
            ],
            [
              17.80869485896713,
              46.9075251189895
            ],
            [
              17.933698756301112,
              46.97763259468991
            ],
            [
              17.993210670137472,
              47.01822119432072
            ],
            [
              18.015527637827546,
              47.06891358923633
            ],
            [
              18.11967348704121,
              47.04357341292689
            ],
            [
              18.238697314715438,
              47.058778963739286
            ],
            [
              18.31308720701088,
              47.06891358923633
            ],
            [
              18.48418395929184,
              47.11955781803934
            ],
            [
              18.49162294852141,
              47.185323317416476
            ],
            [
              18.4767449700623,
              47.40227568924078
            ],
            [
              18.53625688389863,
              47.457632187921746
            ],
            [
              18.44698901314416,
              47.578207936136124
            ],
            [
              18.49162294852141,
              47.70351308435514
            ],
            [
              18.342843163929018,
              47.8534826376106
            ],
            [
              17.963454713219278,
              47.92332041347899
            ],
            [
              17.755163014790554,
              48.08259607366318
            ],
            [
              17.651017165576974,
              48.18189367697428
            ],
            [
              17.494798391755012,
              48.206688078405136
            ],
            [
              17.271628714865727,
              48.10743847642078
            ],
            [
              17.22699477948845,
              48.02790053484452
            ],
            [
              17.130817176372403,
              48.00189238016338
            ]
          ]
        ],
        "type": "Polygon"
      },
      "id": 4
    },
    {
      "type": "Feature",
      "properties": {
        "tid": 5,
        "tname": "Middle East"
      },
      "geometry": {
        "coordinates": [
          [
            [
              17.096621455345627,
              45.18526673551176
            ],
            [
              17.15056750036055,
              45.15629016777015
            ],
            [
              17.212220123236335,
              45.149043722373506
            ],
            [
              17.271303886825223,
              45.17802397565035
            ],
            [
              17.32524993184117,
              45.16172439715771
            ],
            [
              17.38690255471596,
              45.13998436992671
            ],
            [
              17.453692896164682,
              45.15629016777015
            ],
            [
              17.50507008189362,
              45.1109847675082
            ],
            [
              17.59754901620687,
              45.10191936843543
            ],
            [
              17.643788483362925,
              45.132735851407546
            ],
            [
              17.702872246951813,
              45.12186134602294
            ],
            [
              17.754249432681746,
              45.09647943794721
            ],
            [
              17.795351181264977,
              45.06201450912687
            ],
            [
              17.8621415227137,
              45.04568176052729
            ],
            [
              17.95205159773994,
              45.07471453314599
            ],
            [
              17.972602472031525,
              45.1109847675082
            ],
            [
              18.03425509490731,
              45.132735851407546
            ],
            [
              18.085632280636332,
              45.132735851407546
            ],
            [
              18.101045436355037,
              45.092852529685786
            ],
            [
              18.167835777803703,
              45.08378425125619
            ],
            [
              18.216644104246825,
              45.103732563424444
            ],
            [
              18.250039274970078,
              45.138172326677505
            ],
            [
              18.306554179273007,
              45.112797674561136
            ],
            [
              18.38187141965855,
              45.104691339765736
            ],
            [
              18.44352404253334,
              45.086557102973245
            ],
            [
              18.507745524695082,
              45.05571568415661
            ],
            [
              18.536002976846532,
              45.070231366153905
            ],
            [
              18.61563761472695,
              45.08111570898586
            ],
            [
              18.695272252607424,
              45.066602791178525
            ],
            [
              18.73894286047758,
              45.01577855482617
            ],
            [
              18.78223492604124,
              44.990844132974615
            ],
            [
              18.797461634148306,
              44.95852914122807
            ],
            [
              18.767008217934205,
              44.92978941701068
            ],
            [
              18.805074988202335,
              44.88845085664141
            ],
            [
              18.876132959368476,
              44.85248011544232
            ],
            [
              18.970030992695712,
              44.850680988260706
            ],
            [
              19.081693518814973,
              44.86507243205668
            ],
            [
              19.157827059351177,
              44.89744002930624
            ],
            [
              19.218733891779237,
              44.91361699935638
            ],
            [
              19.305018571053466,
              44.90642779691342
            ],
            [
              19.358312049428577,
              44.89744002930624
            ],
            [
              19.467436790862877,
              44.91361699935638
            ],
            [
              19.553721470137077,
              44.92080530256078
            ],
            [
              19.6197038719352,
              44.91541415946074
            ],
            [
              19.713601905262436,
              44.92080530256078
            ],
            [
              19.769433168321598,
              44.911819783048884
            ],
            [
              19.84737857053321,
              44.9161875439118
            ],
            [
              19.903209833816703,
              44.92696918034045
            ],
            [
              19.98441894372189,
              44.93415581312942
            ],
            [
              20.060552484257016,
              44.94493407623801
            ],
            [
              20.126534886055197,
              44.95211846092542
            ],
            [
              20.164601656323327,
              44.96468897032824
            ],
            [
              20.098619254525147,
              45.029293803555106
            ],
            [
              20.096081469841124,
              45.17617734937687
            ],
            [
              20.00472122119791,
              45.247690727109386
            ],
            [
              19.938540983579145,
              45.407734975409795
            ],
            [
              19.920776490787063,
              45.498527026994054
            ],
            [
              19.943616552948185,
              45.58739695209181
            ],
            [
              19.981683144189702,
              45.65072950612475
            ],
            [
              19.979145359505708,
              45.73581624279976
            ],
            [
              19.87763397212447,
              45.8136987012451
            ],
            [
              19.877296161615163,
              45.898477077774714
            ],
            [
              19.910287362514254,
              45.9337883484566
            ],
            [
              19.94581634809734,
              46.05015612834768
            ],
            [
              19.877296161615163,
              46.143425864328094
            ],
            [
              19.8040421316972,
              46.131386699803954
            ],
            [
              19.71775745242303,
              46.164791912019325
            ],
            [
              19.611170495672724,
              46.16830707085012
            ],
            [
              19.537574739821594,
              46.15424508777332
            ],
            [
              19.489356830815467,
              46.0750794636715
            ],
            [
              19.39545879748823,
              46.039858236555034
            ],
            [
              19.339627534429127,
              46.032811295213264
            ],
            [
              19.260956209208985,
              45.985220935229194
            ],
            [
              19.121378051559617,
              46.0010889381644
            ],
            [
              19.083311099190922,
              45.96052835224529
            ],
            [
              19.02494205144683,
              45.939354500921496
            ],
            [
              18.991950850547738,
              45.9058126934616
            ],
            [
              18.86252383163645,
              45.902280797234
            ],
            [
              18.821919276684326,
              45.87401753817048
            ],
            [
              18.695030042458,
              45.898748676307264
            ],
            [
              18.62904764065985,
              45.82452222982343
            ],
            [
              18.512747388242815,
              45.7673161626488
            ],
            [
              18.441689417076645,
              45.7318990765809
            ],
            [
              18.068635068450817,
              45.75669339652666
            ],
            [
              17.94935918827852,
              45.77970683348741
            ],
            [
              17.878301217111385,
              45.75492273886658
            ],
            [
              17.830083308105316,
              45.7850162782606
            ],
            [
              17.667665088295877,
              45.82216823406131
            ],
            [
              17.583918193706722,
              45.914056926474814
            ],
            [
              17.500171299116545,
              45.922884372623855
            ],
            [
              17.41388656518089,
              45.915822539715975
            ],
            [
              17.241317206633482,
              45.79740302806857
            ],
            [
              17.299686254377633,
              45.73367047633192
            ],
            [
              17.304761823746617,
              45.66809169911568
            ],
            [
              17.22355271384137,
              45.536703379291055
            ],
            [
              17.172797283393606,
              45.478010777538856
            ],
            [
              17.11696602033348,
              45.387185676374884
            ],
            [
              17.089050388804367,
              45.27300227138949
            ],
            [
              17.096621455345627,
              45.18526673551176
            ]
          ]
        ],
        "type": "Polygon"
      },
      "id": 5
    },
    {
      "type": "Feature",
      "properties": {
        "tid": 6,
        "tname": "Southern Europe"
      },
      "geometry": {
        "coordinates": [
          [
            [
              19.161258507859714,
              46.722797749334234
            ],
            [
              19.17410265257763,
              46.68163615159574
            ],
            [
              19.232006368565806,
              46.66995108364668
            ],
            [
              19.28309788267316,
              46.68630947129586
            ],
            [
              19.327377194898162,
              46.683972861979555
            ],
            [
              19.385280910886365,
              46.70733440718382
            ],
            [
              19.443184626874597,
              46.70266290665984
            ],
            [
              19.504494443803907,
              46.70967000585162
            ],
            [
              19.565804260731852,
              46.71434090000167
            ],
            [
              19.633926279540674,
              46.73535492120402
            ],
            [
              19.674799490827382,
              46.76569405637315
            ],
            [
              19.708860500231765,
              46.772692970014674
            ],
            [
              19.746327610575918,
              46.78668806899759
            ],
            [
              19.817855730325903,
              46.77502573913043
            ],
            [
              19.85532284067142,
              46.75869423328072
            ],
            [
              19.90300825383764,
              46.73535492120402
            ],
            [
              19.96431807076695,
              46.73068584612432
            ],
            [
              20.008597382993372,
              46.77502573913043
            ],
            [
              20.03722308235811,
              46.813121547316825
            ],
            [
              20.071284091763914,
              46.85273510098537
            ],
            [
              20.09853289928742,
              46.90628343524898
            ],
            [
              20.108751202108067,
              46.94582829223717
            ],
            [
              20.105345101168325,
              46.97837272599219
            ],
            [
              20.057139402505953,
              47.03000263248319
            ],
            [
              20.115818697694607,
              47.08140219547067
            ],
            [
              20.118392786568535,
              47.200503535116326
            ],
            [
              20.118392786568535,
              47.2649314510594
            ],
            [
              20.070951093191724,
              47.32124163072541
            ],
            [
              20.01164897647064,
              47.381507436004114
            ],
            [
              20.041300034831124,
              47.425658624981054
            ],
            [
              20.017579188142776,
              47.48580516287825
            ],
            [
              19.952346859748303,
              47.56189202551775
            ],
            [
              19.875254108010978,
              47.62987620981556
            ],
            [
              19.898974954699383,
              47.67381891232915
            ],
            [
              19.857463472994652,
              47.741657640831136
            ],
            [
              19.80409156794451,
              47.769565572690965
            ],
            [
              19.762580086239723,
              47.82931788466033
            ],
            [
              19.74478945122337,
              47.88502471309366
            ],
            [
              19.74478945122337,
              47.91683031593581
            ],
            [
              19.67955712282901,
              47.936698895185515
            ],
            [
              19.620255006107982,
              48.00419498008637
            ],
            [
              19.555022677713566,
              48.071602860012746
            ],
            [
              19.471999714304047,
              48.10329370079717
            ],
            [
              19.40083717423758,
              48.091411923839246
            ],
            [
              19.32374442250017,
              48.09537282126092
            ],
            [
              19.242468300560773,
              48.05999766068814
            ],
            [
              19.180956686120226,
              48.065623252994726
            ],
            [
              19.14862903220083,
              48.081823622198584
            ],
            [
              19.11832185665179,
              48.06697347857431
            ],
            [
              19.088014681103516,
              48.07237402668423
            ],
            [
              19.05568702718415,
              48.065623252994726
            ],
            [
              19.03750272185536,
              48.07507408821613
            ],
            [
              19.007195546306235,
              48.073724075160555
            ],
            [
              18.99305219771648,
              48.056170682129476
            ],
            [
              18.96072454379791,
              48.057521155662386
            ],
            [
              18.934458324988668,
              48.057521155662386
            ],
            [
              18.89808971433027,
              48.05887159377235
            ],
            [
              18.877884930631183,
              48.053469628796364
            ],
            [
              18.853639190191416,
              48.057521155662386
            ],
            [
              18.823332014642318,
              48.04401482629939
            ],
            [
              18.823332014642318,
              48.023748690171715
            ],
            [
              18.813921971880433,
              47.99424242635095
            ],
            [
              18.783574961756727,
              47.99608860963397
            ],
            [
              18.75046913252916,
              47.973930050392255
            ],
            [
              18.769780866245213,
              47.962847203489616
            ],
            [
              18.772539685347937,
              47.94437050679224
            ],
            [
              18.76426322804079,
              47.91479404959756
            ],
            [
              18.76426322804079,
              47.89075072293406
            ],
            [
              18.742192675223123,
              47.87594927882839
            ],
            [
              18.687016293177976,
              47.88150031599233
            ],
            [
              18.637357549338276,
              47.86114360529436
            ],
            [
              18.590457624600248,
              47.866696228519714
            ],
            [
              18.529763594210635,
              47.848185151046835
            ],
            [
              18.471828393063817,
              47.84633368183199
            ],
            [
              18.4221696492242,
              47.851887891203575
            ],
            [
              18.372510905384416,
              47.85188789120383
            ],
            [
              18.400025356651582,
              47.793386998854004
            ],
            [
              18.44129703355233,
              47.737904281554705
            ],
            [
              18.49174019420977,
              47.70396904051333
            ],
            [
              18.50091167796549,
              47.63603223730155
            ],
            [
              18.482568710454018,
              47.57110096534976
            ],
            [
              18.51008316172124,
              47.49679509836372
            ],
            [
              18.55594058049985,
              47.44409806584554
            ],
            [
              18.49632593608763,
              47.40686834593129
            ],
            [
              18.514668903076426,
              47.288800496596025
            ],
            [
              18.52842612871001,
              47.235895156117465
            ],
            [
              18.505497419319738,
              47.19540245537874
            ],
            [
              18.514668903076426,
              47.16111524843927
            ],
            [
              18.565112063732926,
              47.12992584631459
            ],
            [
              18.624726708146085,
              47.07686186205581
            ],
            [
              18.68892709443614,
              47.064368531670254
            ],
            [
              18.780641931994325,
              47.064368531670254
            ],
            [
              18.835670834528656,
              47.04874775035256
            ],
            [
              18.9090427045754,
              46.979961946157204
            ],
            [
              18.97324309086642,
              46.91735250590298
            ],
            [
              19.009929025889363,
              46.86407689653839
            ],
            [
              19.02368625152289,
              46.80447093955394
            ],
            [
              19.060372186546743,
              46.7353709149541
            ],
            [
              19.161258507859714,
              46.722797749334234
            ]
          ]
        ],
        "type": "Polygon"
      },
      "id": 6
    },
    {
      "type": "Feature",
      "properties": {
        "tid": 7,
        "tname": "Western Europe"
      },
      "geometry": {
        "coordinates": [
          [
            [
              17.150289015686894,
              48.01373302757236
            ],
            [
              17.207708922412905,
              48.02188503045642
            ],
            [
              17.230206741673783,
              48.046600147399005
            ],
            [
              17.277647860730866,
              48.10756086029741
            ],
            [
              17.355113881650766,
              48.17515898651524
            ],
            [
              17.40874420382525,
              48.204953393023146
            ],
            [
              17.521962114188398,
              48.23870014869658
            ],
            [
              17.63816114556826,
              48.206939772463784
            ],
            [
              17.715627166486968,
              48.16522437027558
            ],
            [
              17.83480566020927,
              48.04186648066252
            ],
            [
              17.8973743694134,
              47.97409289856296
            ],
            [
              17.965902003303626,
              47.93817670837359
            ],
            [
              18.079118399983685,
              47.9142175049879
            ],
            [
              18.13870764684549,
              47.908226271466816
            ],
            [
              18.21319420542173,
              47.8842544009961
            ],
            [
              18.29363968868401,
              47.86426936396683
            ],
            [
              18.388982483660953,
              47.86027143160297
            ],
            [
              18.478366353952936,
              47.856273190909405
            ],
            [
              18.549873450186766,
              47.86027143160297
            ],
            [
              18.60350377236128,
              47.86826698800556
            ],
            [
              18.663093019221776,
              47.876261311125035
            ],
            [
              18.71374387905388,
              47.88225624414349
            ],
            [
              18.749497427170184,
              47.89424402913227
            ],
            [
              18.758435814199828,
              47.93418327407636
            ],
            [
              18.743538502484142,
              47.9661124759177
            ],
            [
              18.746517964827746,
              47.990046432221135
            ],
            [
              18.8061072116883,
              47.99602818771112
            ],
            [
              18.81802506106044,
              48.04784102433439
            ],
            [
              18.844840222148235,
              48.05779906123283
            ],
            [
              18.89251161963668,
              48.061781736797144
            ],
            [
              18.97891602758628,
              48.063772959039795
            ],
            [
              19.00573118867294,
              48.08169049314304
            ],
            [
              19.059361510848618,
              48.073727914881346
            ],
            [
              19.1100123706795,
              48.075718674979356
            ],
            [
              19.151724843483066,
              48.08169049314304
            ],
            [
              19.17854000456967,
              48.063772959039795
            ],
            [
              19.253026563145966,
              48.05779906123283
            ],
            [
              19.324533659379853,
              48.09363204993616
            ],
            [
              19.47866926353163,
              48.099469306794646
            ],
            [
              19.497274745683285,
              48.1367322179637
            ],
            [
              19.53448570998654,
              48.18327285369571
            ],
            [
              19.571696674289853,
              48.22047496443801
            ],
            [
              19.61821037966996,
              48.23906588854521
            ],
            [
              19.669375455586987,
              48.23906588854521
            ],
            [
              19.701935049353324,
              48.21117696966044
            ],
            [
              19.743797384194522,
              48.22047496443801
            ],
            [
              19.78565971903572,
              48.201877286318904
            ],
            [
              19.813567942264115,
              48.17086614586836
            ],
            [
              19.883338500332854,
              48.17086614586836
            ],
            [
              19.934503576250847,
              48.13362800761837
            ],
            [
              19.98101728162993,
              48.167763999797614
            ],
            [
              20.052100906330992,
              48.18715134765185
            ],
            [
              20.112568723323847,
              48.211953879533496
            ],
            [
              20.112568723323847,
              48.249135163598226
            ],
            [
              20.191642022469296,
              48.264619392482075
            ],
            [
              20.25210983946215,
              48.27700339916103
            ],
            [
              20.2986235448422,
              48.26771567551387
            ],
            [
              20.363742732373026,
              48.304856441613964
            ],
            [
              20.400953696677306,
              48.354335452986675
            ],
            [
              20.396350894382408,
              48.39459855112784
            ],
            [
              20.442864576140835,
              48.42856067650172
            ],
            [
              20.484726910981976,
              48.48100294566859
            ],
            [
              20.48007554044409,
              48.524150028021495
            ],
            [
              20.52658924582414,
              48.53339105305275
            ],
            [
              20.605662544968425,
              48.542630391763566
            ],
            [
              20.693688378098642,
              48.56593646892489
            ],
            [
              20.787582600104088,
              48.56981977137863
            ],
            [
              20.86387165548257,
              48.55428477232573
            ],
            [
              20.9460290997375,
              48.534859313564084
            ],
            [
              20.957765877488043,
              48.58146788957268
            ],
            [
              20.98123943299123,
              48.64354586619851
            ],
            [
              21.013290750997243,
              48.72818528979403
            ],
            [
              21.013290750997243,
              48.83378457422026
            ],
            [
              20.997265091994223,
              48.91810407354484
            ],
            [
              20.98123943299123,
              48.99176706969706
            ],
            [
              21.005277921495747,
              49.075820185120335
            ],
            [
              21.045342069003226,
              49.1649710460417
            ],
            [
              21.045342069003226,
              49.233037124524174
            ],
            [
              20.998128249269428,
              49.309080426049746
            ],
            [
              20.919631382044315,
              49.3176093959423
            ],
            [
              20.83459310921853,
              49.343187445563274
            ],
            [
              20.775720458799356,
              49.377270840761696
            ],
            [
              20.736472025187453,
              49.41558642728879
            ],
            [
              20.638350941156375,
              49.407074435627095
            ],
            [
              20.55331266833059,
              49.385787998766375
            ],
            [
              20.47481580110548,
              49.40281788629517
            ],
            [
              20.3701533114737,
              49.40281788629517
            ],
            [
              20.33090487786049,
              49.35171050897449
            ],
            [
              20.27857363304463,
              49.35597148700657
            ],
            [
              20.206618171422804,
              49.3346629056322
            ],
            [
              20.141204115401678,
              49.2920180558354
            ],
            [
              20.085800980992218,
              49.181055265115845
            ],
            [
              20.027801603585573,
              49.19271927593107
            ],
            [
              19.992109679026726,
              49.224781128873644
            ],
            [
              19.93411030162008,
              49.2364348297815
            ],
            [
              19.90734135820071,
              49.20438053721003
            ],
            [
              19.84041899965453,
              49.198550250252254
            ],
            [
              19.777958131677195,
              49.198550250252254
            ],
            [
              19.760112169398212,
              49.24517330147765
            ],
            [
              19.822573037375548,
              49.268468333687395
            ],
            [
              19.800265584525874,
              49.29757166404829
            ],
            [
              19.800265584525874,
              49.3295654901751
            ],
            [
              19.804727075094974,
              49.36734958707987
            ],
            [
              19.778861511090128,
              49.4010257081718
            ],
            [
              19.694798428074506,
              49.40523360052052
            ],
            [
              19.617201736058718,
              49.443088405996406
            ],
            [
              19.519384915554554,
              49.57122278591848
            ],
            [
              19.4829757232755,
              49.597188466066996
            ],
            [
              19.44292561176934,
              49.61134574017012
            ],
            [
              19.413798257944592,
              49.5806664503082
            ],
            [
              19.37738906566554,
              49.56413883839096
            ],
            [
              19.35554355029811,
              49.535792768259114
            ],
            [
              19.297288842651596,
              49.53815556903231
            ],
            [
              19.253597811915284,
              49.51688624945021
            ],
            [
              19.231752296547853,
              49.49087784701112
            ],
            [
              19.231752296547853,
              49.460122818715575
            ],
            [
              19.19898402349739,
              49.44355441920507
            ],
            [
              19.188061265812962,
              49.415138418801945
            ],
            [
              19.140729315849455,
              49.40329356052692
            ],
            [
              19.100679204343265,
              49.417507047515585
            ],
            [
              19.049706335151114,
              49.40329356052692
            ],
            [
              18.99509254673177,
              49.398554816993
            ],
            [
              18.973247031364366,
              49.424612247800184
            ],
            [
              18.973247031364366,
              49.44828881908569
            ],
            [
              18.973247031364366,
              49.46958796130215
            ],
            [
              18.973247031364366,
              49.50743024814079
            ],
            [
              18.93319691985812,
              49.519249964153744
            ],
            [
              18.87130129298302,
              49.51688624945021
            ],
            [
              18.82032842379084,
              49.51452242049868
            ],
            [
              18.75843279691722,
              49.500337047496146
            ],
            [
              18.718382685409523,
              49.5027015619674
            ],
            [
              18.66376889699015,
              49.50743024814079
            ],
            [
              18.605514189343694,
              49.5050659621821
            ],
            [
              18.576386835520452,
              49.50743024814079
            ],
            [
              18.543618562468538,
              49.48614756118761
            ],
            [
              18.536336724012756,
              49.457756247363136
            ],
            [
              18.51085028941668,
              49.44118704782457
            ],
            [
              18.48900477404922,
              49.41987556191884
            ],
            [
              18.456236500997363,
              49.400924245920294
            ],
            [
              18.408904551035334,
              49.38907595804784
            ],
            [
              18.408904551035334,
              49.355885545808434
            ],
            [
              18.368854439527638,
              49.325045809256665
            ],
            [
              18.328804328019913,
              49.313179225774604
            ],
            [
              18.246507379330296,
              49.29674249600194
            ],
            [
              18.198126876671296,
              49.29082634087587
            ],
            [
              18.189055532422202,
              49.27110069538347
            ],
            [
              18.15277015542796,
              49.25136715941048
            ],
            [
              18.161841499677138,
              49.21977708762125
            ],
            [
              18.14067502976323,
              49.19409527691056
            ],
            [
              18.1316036855153,
              49.15653632564798
            ],
            [
              18.11950855984935,
              49.1248856288949
            ],
            [
              18.113460997016944,
              49.083313411278084
            ],
            [
              18.08019940143953,
              49.04765235990848
            ],
            [
              18.0499615872765,
              49.02981223663343
            ],
            [
              17.998557303201977,
              49.02981223663343
            ],
            [
              17.95017680054181,
              49.02981223663343
            ],
            [
              17.916915204964425,
              49.00998237224039
            ],
            [
              17.904820079298446,
              48.98220728831183
            ],
            [
              17.874050400976955,
              48.926150073859475
            ],
            [
              17.831717461149168,
              48.926150073859475
            ],
            [
              17.783336958490224,
              48.926150073859475
            ],
            [
              17.747051581496038,
              48.88441154759323
            ],
            [
              17.704718641669444,
              48.86253459632954
            ],
            [
              17.66540948325843,
              48.86253459632954
            ],
            [
              17.623076543431864,
              48.84661807737493
            ],
            [
              17.56260091510697,
              48.82273381021369
            ],
            [
              17.523291756695983,
              48.820742940610444
            ],
            [
              17.496077723950947,
              48.83467736716568
            ],
            [
              17.462816128372282,
              48.84064807810341
            ],
            [
              17.432578314210502,
              48.83268697203516
            ],
            [
              17.40234050004861,
              48.818751991925836
            ],
            [
              17.353959997388444,
              48.818751991925836
            ],
            [
              17.323722183226636,
              48.84661807737493
            ],
            [
              17.28441302481562,
              48.85258736500066
            ],
            [
              17.248127647821434,
              48.86850198633121
            ],
            [
              17.20277092657804,
              48.880434631638224
            ],
            [
              17.175556893831782,
              48.85855594100059
            ],
            [
              17.136247735422018,
              48.85258736500066
            ],
            [
              17.10600992126021,
              48.82671531217903
            ],
            [
              17.08786723276188,
              48.79485443909559
            ],
            [
              17.054605637184466,
              48.774931111788845
            ],
            [
              17.030415385853757,
              48.75300631587788
            ],
            [
              17.01832026018903,
              48.72907744000847
            ],
            [
              16.994130008859543,
              48.70314163493839
            ],
            [
              16.979011101779264,
              48.681185509386296
            ],
            [
              16.966915976114507,
              48.64323873933091
            ],
            [
              16.9457495062006,
              48.6132605810879
            ],
            [
              16.945392428970223,
              48.56758240003359
            ],
            [
              16.945392428970223,
              48.539584406218836
            ],
            [
              16.922616476261823,
              48.5137263520775
            ],
            [
              16.893333108495398,
              48.49001153683122
            ],
            [
              16.87055715578694,
              48.47060025314417
            ],
            [
              16.851034910608917,
              48.446865262863184
            ],
            [
              16.851034910608917,
              48.42095988911035
            ],
            [
              16.847781203078597,
              48.388559596891184
            ],
            [
              16.838020080490224,
              48.36262450135456
            ],
            [
              16.873810863317317,
              48.33883905744764
            ],
            [
              16.89658681602438,
              48.32153357917528
            ],
            [
              16.90309423108377,
              48.28906997756667
            ],
            [
              16.942138721441182,
              48.27174761335982
            ],
            [
              16.938885013910863,
              48.250086397512234
            ],
            [
              16.9680813940237,
              48.20274749273514
            ],
            [
              16.994111054261083,
              48.170208382763064
            ],
            [
              17.023394422028844,
              48.15067500033069
            ],
            [
              17.05918520485463,
              48.12461892006368
            ],
            [
              17.091722280151373,
              48.09203022265581
            ],
            [
              17.06894632744431,
              48.05289650668132
            ],
            [
              17.10473711027143,
              48.01808599517042
            ],
            [
              17.150289015686894,
              48.01373302757236
            ]
          ]
        ],
        "type": "Polygon"
      },
      "id": 7
    },
    {
      "type": "Feature",
      "properties": {
        "tid": 8,
        "tname": "Northern Europe"
      },
      "geometry": {
        "coordinates": [
          [
            [
              21.685025946801318,
              47.013766761516706
            ],
            [
              21.685025946801318,
              47.04801667744178
            ],
            [
              21.76319106041285,
              47.0708377445163
            ],
            [
              21.796690394817176,
              47.116450576687356
            ],
            [
              21.83577295162243,
              47.21135184498672
            ],
            [
              21.886021953230255,
              47.302297584645714
            ],
            [
              21.95302062203905,
              47.366622984716514
            ],
            [
              22.03118573565058,
              47.366622984716514
            ],
            [
              22.042352180452127,
              47.419538013721535
            ],
            [
              22.042352180452127,
              47.49881094508848
            ],
            [
              22.042352180452127,
              47.559129152644516
            ],
            [
              22.11493407166168,
              47.60055768413872
            ],
            [
              22.193099185273155,
              47.596792808618545
            ],
            [
              22.23218174207838,
              47.660758850888385
            ],
            [
              22.288013966086908,
              47.74342223943711
            ],
            [
              22.388511969300225,
              47.74342223943711
            ],
            [
              22.410844858903204,
              47.810958437200725
            ],
            [
              22.48900997251465,
              47.795957974175735
            ],
            [
              22.578341530927617,
              47.78470478419416
            ],
            [
              22.667673089339473,
              47.79220718158888
            ],
            [
              22.71233886854654,
              47.84844064472773
            ],
            [
              22.801670426958395,
              47.84094636882867
            ],
            [
              22.801670426958395,
              47.90835587542071
            ],
            [
              22.857502650966865,
              47.934547002299325
            ],
            [
              22.879835540569843,
              47.994362645987735
            ],
            [
              22.879835540569843,
              48.04291185794733
            ],
            [
              22.84075298376473,
              48.091415355897055
            ],
            [
              22.773754314954658,
              48.1026019797543
            ],
            [
              22.69558920134432,
              48.09514450095887
            ],
            [
              22.639756977335765,
              48.09514450095887
            ],
            [
              22.578341530927617,
              48.121240944170495
            ],
            [
              22.578341530927617,
              48.18828524316086
            ],
            [
              22.53925897412128,
              48.225494225853424
            ],
            [
              22.477843527713162,
              48.25895919884471
            ],
            [
              22.382928746899466,
              48.24408858040832
            ],
            [
              22.33826296769351,
              48.266392886415076
            ],
            [
              22.31593007809056,
              48.344381343336096
            ],
            [
              22.25451463168133,
              48.37405988890899
            ],
            [
              22.165183073269503,
              48.41113375801058
            ],
            [
              22.09818440445946,
              48.37405988890899
            ],
            [
              22.02001929084912,
              48.37405988890899
            ],
            [
              21.891605175630986,
              48.35551282415287
            ],
            [
              21.84135617402319,
              48.318398431651076
            ],
            [
              21.718525281205757,
              48.35551282415287
            ],
            [
              21.668276279599098,
              48.41854529044778
            ],
            [
              21.63477694519463,
              48.459289407906795
            ],
            [
              21.61802727799244,
              48.51109829950025
            ],
            [
              21.528695719579503,
              48.51479690955199
            ],
            [
              21.46169705076946,
              48.56654910376838
            ],
            [
              21.333282935551296,
              48.56285427311988
            ],
            [
              21.294200378746126,
              48.53698290031895
            ],
            [
              21.216035265135787,
              48.548072251190376
            ],
            [
              21.143453373924984,
              48.52589111981183
            ],
            [
              21.082037927516865,
              48.48520046918517
            ],
            [
              20.98712314670314,
              48.5184952496183
            ],
            [
              20.908958033091665,
              48.55176816158175
            ],
            [
              20.808460029878347,
              48.57393795529512
            ],
            [
              20.652129802655395,
              48.55176816158175
            ],
            [
              20.501382797834253,
              48.544376070852394
            ],
            [
              20.501382797834253,
              48.49260119930946
            ],
            [
              20.412051239422425,
              48.400014433562944
            ],
            [
              20.400884794620964,
              48.35180260071911
            ],
            [
              20.37855190501685,
              48.27754139080142
            ],
            [
              20.2724706794028,
              48.27754139080142
            ],
            [
              20.12730689698131,
              48.23665164947826
            ],
            [
              20.06589145057316,
              48.18828524316086
            ],
            [
              19.943060557755757,
              48.13987314815458
            ],
            [
              19.820229664938324,
              48.15849859218932
            ],
            [
              19.78114710813321,
              48.20317208018534
            ],
            [
              19.69181554972019,
              48.21805459190443
            ],
            [
              19.5913175465069,
              48.23665164947826
            ],
            [
              19.535485322498317,
              48.19572920235203
            ],
            [
              19.496402765693148,
              48.106330313495135
            ],
            [
              19.574567879303515,
              48.06530376770888
            ],
            [
              19.669482660117183,
              47.949507407140885
            ],
            [
              19.753230996129446,
              47.915840407622795
            ],
            [
              19.764397440930935,
              47.810958437200725
            ],
            [
              19.85372899934282,
              47.7696967404234
            ],
            [
              19.90956122335129,
              47.69459153482131
            ],
            [
              19.881645111347638,
              47.62314124825926
            ],
            [
              19.976559892160196,
              47.54028716439774
            ],
            [
              20.037975338569453,
              47.449751319289305
            ],
            [
              20.026808893767992,
              47.36284130661528
            ],
            [
              20.0993907849776,
              47.30608360078742
            ],
            [
              20.12730689698131,
              47.249264886366944
            ],
            [
              20.12730689698131,
              47.15443142826709
            ],
            [
              20.0938075625769,
              47.08604636280049
            ],
            [
              20.071474672973892,
              47.00615268421086
            ],
            [
              20.11055722977906,
              46.96425585599843
            ],
            [
              20.11055722977906,
              46.87654727927878
            ],
            [
              20.216638455394303,
              46.87273060574839
            ],
            [
              20.32830290341019,
              46.86509644433718
            ],
            [
              20.39530157221907,
              46.891811258955414
            ],
            [
              20.501382797834253,
              46.88417981200132
            ],
            [
              20.607464023449467,
              46.891811258955414
            ],
            [
              20.713545249064623,
              46.92995220787026
            ],
            [
              20.79729358507572,
              46.952823749230646
            ],
            [
              20.886625143488743,
              46.99853752145128
            ],
            [
              20.97595670190171,
              47.02518584229276
            ],
            [
              21.087621149917624,
              46.99853752145128
            ],
            [
              21.132286929123524,
              47.02518584229276
            ],
            [
              21.199285597932402,
              47.07844259628766
            ],
            [
              21.271867489143148,
              47.0708377445163
            ],
            [
              21.294200378746126,
              47.00995985854448
            ],
            [
              21.322116490749835,
              46.97568552024612
            ],
            [
              21.394698381960524,
              46.93757714061712
            ],
            [
              21.472863495572028,
              46.907070895634746
            ],
            [
              21.539862164380935,
              46.86891366076841
            ],
            [
              21.590111165987622,
              46.86509644433718
            ],
            [
              21.63477694519463,
              46.926139334378234
            ],
            [
              21.64036016759539,
              46.96425585599843
            ],
            [
              21.712942058804998,
              46.98330393948896
            ],
            [
              21.685025946801318,
              47.013766761516706
            ]
          ]
        ],
        "type": "Polygon"
      },
      "id": 8
    },
    {
      "type": "Feature",
      "properties": {
        "tid": 9,
        "tname": "Ukraine"
      },
      "geometry": {
        "coordinates": [
          [
            [
              20.102539122547597,
              45.04059894946778
            ],
            [
              20.1502443748914,
              44.992423260630005
            ],
            [
              20.197949627233783,
              44.944207041142676
            ],
            [
              20.300175167967495,
              44.915257854764434
            ],
            [
              20.42284581684939,
              44.847653010633906
            ],
            [
              20.572776609926876,
              44.862146450442
            ],
            [
              20.67500215066201,
              44.799315200109135
            ],
            [
              20.76359761929791,
              44.73157417566759
            ],
            [
              20.852193087935206,
              44.69282935332723
            ],
            [
              20.974863736817014,
              44.70251799062626
            ],
            [
              21.138424601992398,
              44.73157417566759
            ],
            [
              21.26109525087287,
              44.79447918991764
            ],
            [
              21.349690719510136,
              44.823489171607406
            ],
            [
              21.424656116048226,
              44.77996872756799
            ],
            [
              21.53369669283225,
              44.77996872756799
            ],
            [
              21.60184705332142,
              44.75577651776578
            ],
            [
              21.62229216146949,
              44.70251799062626
            ],
            [
              21.710887630105447,
              44.6540585928594
            ],
            [
              21.854003387134014,
              44.6540585928594
            ],
            [
              21.942598855769916,
              44.64921042404518
            ],
            [
              22.00393418021156,
              44.595853819055606
            ],
            [
              22.0380093604561,
              44.542448176860034
            ],
            [
              22.078899576749592,
              44.51329715848178
            ],
            [
              22.147049937240155,
              44.48899349883388
            ],
            [
              22.242460441924948,
              44.557018215122696
            ],
            [
              22.310610802415482,
              44.64436184995532
            ],
            [
              22.378761162904624,
              44.683139094894955
            ],
            [
              22.474171667590838,
              44.70251799062626
            ],
            [
              22.542322028080008,
              44.6540585928594
            ],
            [
              22.658177640912925,
              44.62496350085047
            ],
            [
              22.739958073499935,
              44.59100078698512
            ],
            [
              22.808694405959443,
              44.74099723873667
            ],
            [
              22.878590326875155,
              44.87323710301891
            ],
            [
              22.886356540310288,
              45.00517379921894
            ],
            [
              22.777629552219082,
              45.08748028021611
            ],
            [
              22.630071496950904,
              45.125849443348784
            ],
            [
              22.63783771038601,
              45.23533351406681
            ],
            [
              22.560175576035135,
              45.38825752696647
            ],
            [
              22.5990066432106,
              45.53532919729264
            ],
            [
              22.498045868552907,
              45.60057124016589
            ],
            [
              22.42814994763711,
              45.64945304398108
            ],
            [
              22.45921480137747,
              45.736248788793006
            ],
            [
              22.52911072229324,
              45.785012200964616
            ],
            [
              22.451448587942394,
              45.8715974844298
            ],
            [
              22.366020068583566,
              45.90943616615172
            ],
            [
              22.280591720797645,
              45.99043231553108
            ],
            [
              22.17963094613995,
              46.017404730180914
            ],
            [
              22.086436384918926,
              46.08208487341258
            ],
            [
              22.047605317741954,
              46.157449315543744
            ],
            [
              21.96994318339108,
              46.2810385582535
            ],
            [
              21.89969016139662,
              46.37779079074298
            ],
            [
              21.82219651375084,
              46.40896856661311
            ],
            [
              21.78344968992863,
              46.466822897499526
            ],
            [
              21.718871650223633,
              46.5246158049479
            ],
            [
              21.71241384625327,
              46.60009847592525
            ],
            [
              21.667209218460698,
              46.719766887600514
            ],
            [
              21.615546786697706,
              46.79497779686156
            ],
            [
              21.53159533508159,
              46.865668645911796
            ],
            [
              21.363692431850694,
              46.94067580763411
            ],
            [
              21.292656588176584,
              46.993558859900105
            ],
            [
              21.272087991032777,
              47.060857748435126
            ],
            [
              21.189813602455644,
              47.088873910794916
            ],
            [
              21.1692450053105,
              47.05245002749513
            ],
            [
              21.132221530450806,
              47.01039153681472
            ],
            [
              21.06228829855641,
              46.98514054252266
            ],
            [
              21.00880994598043,
              46.99917035137278
            ],
            [
              20.951217873976418,
              47.03002296695965
            ],
            [
              20.885398363113865,
              47.001975871182054
            ],
            [
              20.831920010538738,
              46.96829991020377
            ],
            [
              20.761986780247298,
              46.93741164212156
            ],
            [
              20.68382611109817,
              46.89807351613047
            ],
            [
              20.613892880806787,
              46.878393622760655
            ],
            [
              20.539845931087314,
              46.864332135257854
            ],
            [
              20.494595017369107,
              46.88964016025972
            ],
            [
              20.404093189933434,
              46.89807351613047
            ],
            [
              20.32593252078425,
              46.86995717234947
            ],
            [
              20.231316973919718,
              46.86995717234947
            ],
            [
              20.153156304771414,
              46.87276946984912
            ],
            [
              20.079109355051173,
              46.86995717234947
            ],
            [
              20.000948685902017,
              46.76016261687707
            ],
            [
              19.939242894469174,
              46.726334574937624
            ],
            [
              19.811717592172897,
              46.76016261687707
            ],
            [
              19.712988325879508,
              46.76298066225314
            ],
            [
              19.601917901299515,
              46.71505384390417
            ],
            [
              19.5936904624418,
              46.66143816065173
            ],
            [
              19.651282534446636,
              46.61342112012679
            ],
            [
              19.68007857044867,
              46.52575093322136
            ],
            [
              19.69241972873519,
              46.4322688776322
            ],
            [
              19.745898081311225,
              46.35282481130571
            ],
            [
              19.836399908746102,
              46.22490455021645
            ],
            [
              19.893991980750883,
              46.122353226196765
            ],
            [
              19.963925211042294,
              46.05387943180307
            ],
            [
              19.92279136222973,
              45.939122306298884
            ],
            [
              19.889881606798895,
              45.89905703087484
            ],
            [
              19.885767887370037,
              45.824573334964015
            ],
            [
              19.992724592521142,
              45.735635431098615
            ],
            [
              19.992724592521142,
              45.652307019059236
            ],
            [
              19.963928556519164,
              45.586130679851635
            ],
            [
              19.939246239945163,
              45.531404358072535
            ],
            [
              19.94335995937402,
              45.42756620216514
            ],
            [
              19.963928556519164,
              45.34377962810834
            ],
            [
              20.01740690909429,
              45.24828522106489
            ],
            [
              20.11202245595888,
              45.18453294136606
            ],
            [
              20.11202245595888,
              45.09457886823671
            ],
            [
              20.102539122547597,
              45.04059894946778
            ]
          ]
        ],
        "type": "Polygon"
      },
      "id": 9
    },
    {
      "type": "Feature",
      "properties": {
        "tid": 10,
        "tname": "Scandinavia"
      },
      "geometry": {
        "coordinates": [
          [
            [
              21.57438350156093,
              46.853788209629016
            ],
            [
              21.656336197961053,
              46.74425089168193
            ],
            [
              21.717375128379615,
              46.61862294697872
            ],
            [
              21.71182613470532,
              46.51180043460187
            ],
            [
              21.811708020842957,
              46.412419734411344
            ],
            [
              21.9378644939826,
              46.36085814419562
            ],
            [
              22.08213832951583,
              46.06904553256584
            ],
            [
              22.176471221980222,
              46.0189748972648
            ],
            [
              22.265255120769183,
              46.01512143022478
            ],
            [
              22.337392038536393,
              45.91097630930312
            ],
            [
              22.465018893046704,
              45.88394376360293
            ],
            [
              22.542704804487016,
              45.78342194274751
            ],
            [
              22.465018893046704,
              45.73309294219956
            ],
            [
              22.442822918349435,
              45.63229875030703
            ],
            [
              22.625939709602818,
              45.54298327965293
            ],
            [
              22.58709675388269,
              45.375620952630925
            ],
            [
              22.65368467797441,
              45.219489056960754
            ],
            [
              22.648135684300115,
              45.11777278417213
            ],
            [
              22.775762538810426,
              45.10210800473445
            ],
            [
              22.842350462903255,
              45.0472474200339
            ],
            [
              22.914487380669385,
              45.066846531842316
            ],
            [
              23.00882027313375,
              45.106024602648546
            ],
            [
              23.075408197225556,
              45.10210800473445
            ],
            [
              23.153094108667034,
              45.13343326436541
            ],
            [
              23.219682032759835,
              45.18821108865356
            ],
            [
              23.308465931548852,
              45.19603219292085
            ],
            [
              23.39170083666471,
              45.20776183408171
            ],
            [
              23.4638377544307,
              45.262468184563375
            ],
            [
              23.541523665872177,
              45.31321978281835
            ],
            [
              23.62475857098795,
              45.32882652374013
            ],
            [
              23.719091463451292,
              45.32102369065541
            ],
            [
              23.79122838121853,
              45.30931742586657
            ],
            [
              23.874463286333196,
              45.34052875821257
            ],
            [
              23.929953223077405,
              45.37172289465187
            ],
            [
              23.974345172471857,
              45.43405958076127
            ],
            [
              24.046482090239067,
              45.4418468303443
            ],
            [
              24.113070014330816,
              45.4418468303443
            ],
            [
              24.207402906795267,
              45.4418468303443
            ],
            [
              24.296186805585364,
              45.45741810543788
            ],
            [
              24.457107622141564,
              45.52743564710161
            ],
            [
              24.606930451349086,
              45.562411775570126
            ],
            [
              24.679069291222334,
              45.62453782412453
            ],
            [
              24.68461828489663,
              45.787291518999155
            ],
            [
              24.73455922796657,
              45.841437454585474
            ],
            [
              24.73455922796657,
              45.9225576524135
            ],
            [
              24.90657803187139,
              46.04594164258944
            ],
            [
              24.717912246943627,
              46.12676294891915
            ],
            [
              24.6291283481535,
              46.23817866676228
            ],
            [
              24.706814259595006,
              46.30721969185399
            ],
            [
              24.717912246943627,
              46.44121717396425
            ],
            [
              24.66242231019939,
              46.54054534317194
            ],
            [
              24.58473639875905,
              46.56344146876617
            ],
            [
              24.51814847466619,
              46.65873802875541
            ],
            [
              24.497886862540383,
              46.830115136575216
            ],
            [
              24.5866707613294,
              46.909780851008804
            ],
            [
              24.520082837237624,
              47.0233839173531
            ],
            [
              24.375809001704397,
              47.15561594335492
            ],
            [
              24.292574096588623,
              47.43786516557458
            ],
            [
              24.325868058634512,
              47.52037254529429
            ],
            [
              24.1982412041242,
              47.722341478120285
            ],
            [
              24.153849254729693,
              47.83048431550972
            ],
            [
              24.11500629900945,
              47.90865425918116
            ],
            [
              24.026222400219353,
              47.930966874357864
            ],
            [
              23.937438501429256,
              47.945836605095536
            ],
            [
              23.84310560896597,
              47.92724877343207
            ],
            [
              23.793164665895944,
              47.945836605095536
            ],
            [
              23.743223722827167,
              47.97927786339329
            ],
            [
              23.648890830362802,
              47.97556323708827
            ],
            [
              23.593400893619616,
              48.00527276463927
            ],
            [
              23.510165988503843,
              47.968133182703355
            ],
            [
              23.321500203576107,
              48.00156000903118
            ],
            [
              23.166944686102,
              48.08776428770199
            ],
            [
              23.07261179363755,
              48.02842320161358
            ],
            [
              22.94498493912721,
              47.99872700783081
            ],
            [
              22.90059298973273,
              47.957866815017525
            ],
            [
              22.81180909094263,
              47.92069312153896
            ],
            [
              22.80626009726828,
              47.84254135169937
            ],
            [
              22.723025192152505,
              47.84254135169937
            ],
            [
              22.678633242758025,
              47.79410259499085
            ],
            [
              22.623143306014867,
              47.77546027009893
            ],
            [
              22.55655538192201,
              47.77546027009893
            ],
            [
              22.495516451504614,
              47.79037466488211
            ],
            [
              22.440026514760348,
              47.80901164117972
            ],
            [
              22.39563456536581,
              47.74934978246597
            ],
            [
              22.31239966025001,
              47.7456186429568
            ],
            [
              22.256909723506936,
              47.70455845447424
            ],
            [
              22.234713748809668,
              47.655991045515265
            ],
            [
              22.20141978676378,
              47.58866921565101
            ],
            [
              22.123733875322273,
              47.60737842043747
            ],
            [
              22.034949976532175,
              47.53999397199536
            ],
            [
              22.057145951229444,
              47.47627347861041
            ],
            [
              22.01830299550923,
              47.374911321265415
            ],
            [
              21.94061708406892,
              47.363636810198386
            ],
            [
              21.907323122021893,
              47.32603769978806
            ],
            [
              21.874029159976004,
              47.269588817073526
            ],
            [
              21.83518620425582,
              47.18668809989498
            ],
            [
              21.790794254860174,
              47.092325333438
            ],
            [
              21.724206330768453,
              47.06965334807964
            ],
            [
              21.674265387699677,
              47.03184526521463
            ],
            [
              21.718657337094157,
              46.98644018566779
            ],
            [
              21.64097142565265,
              46.952361044636746
            ],
            [
              21.624324444629735,
              46.89172228765102
            ],
            [
              21.57438350156093,
              46.853788209629016
            ]
          ]
        ],
        "type": "Polygon"
      },
      "id": 10
    },
    {
      "type": "Feature",
      "properties": {
        "tid": 11,
        "tname": "Great Britain"
      },
      "geometry": {
        "coordinates": [
          [
            [
              20.994236343765976,
              49.31882555318154
            ],
            [
              21.026392579396315,
              49.276246643276664
            ],
            [
              21.07870364682796,
              49.15820759165203
            ],
            [
              21.026392579396315,
              49.089740319474686
            ],
            [
              20.99785926988872,
              48.95252209795481
            ],
            [
              21.012125924642476,
              48.83684113194758
            ],
            [
              21.016874625878756,
              48.69307817113494
            ],
            [
              20.945541352109615,
              48.532729297374885
            ],
            [
              20.997852419540294,
              48.5138312393953
            ],
            [
              21.083452348064185,
              48.479166485249266
            ],
            [
              21.135763415494836,
              48.52013137551788
            ],
            [
              21.216607792434075,
              48.532729297374885
            ],
            [
              21.292696617788778,
              48.51698140539165
            ],
            [
              21.316474375711778,
              48.557915740134035
            ],
            [
              21.40682985582029,
              48.56735742481084
            ],
            [
              21.459140923250914,
              48.57050426137826
            ],
            [
              21.511451990682588,
              48.539027083151865
            ],
            [
              21.544740851774776,
              48.51068087752617
            ],
            [
              21.61131857396026,
              48.50753031978158
            ],
            [
              21.625585228714044,
              48.46655524323373
            ],
            [
              21.658874089806346,
              48.41923516680197
            ],
            [
              21.692162950898563,
              48.384505756860534
            ],
            [
              21.715940708821563,
              48.343431335640076
            ],
            [
              21.830073946853076,
              48.32130061904954
            ],
            [
              21.868118359530882,
              48.3592331099091
            ],
            [
              21.929940530130807,
              48.37187100130498
            ],
            [
              22.020296010239264,
              48.381347361947746
            ],
            [
              22.105895938763098,
              48.37502998417253
            ],
            [
              22.15820700619375,
              48.4129224922946
            ],
            [
              22.229540279963828,
              48.39713737674026
            ],
            [
              22.291362450563724,
              48.3592331099091
            ],
            [
              22.324651311656936,
              48.314975792928095
            ],
            [
              22.343673517995313,
              48.28017523217562
            ],
            [
              22.37696237908756,
              48.23901671062649
            ],
            [
              22.429273446519204,
              48.25485083283414
            ],
            [
              22.481584513949826,
              48.25485083283414
            ],
            [
              22.538651132966066,
              48.22951388417735
            ],
            [
              22.58620664881215,
              48.19465508678144
            ],
            [
              22.578073591324653,
              48.107726738970484
            ],
            [
              22.644651313509144,
              48.095023430194374
            ],
            [
              22.72074013886379,
              48.107726738970484
            ],
            [
              22.768295654709846,
              48.11090207567014
            ],
            [
              22.815851170556897,
              48.11090207567014
            ],
            [
              22.882410905142223,
              48.02854889491215
            ],
            [
              22.88868751373002,
              47.98235520178994
            ],
            [
              22.976560033958663,
              47.999157695060575
            ],
            [
              23.083262379951776,
              48.020153118690104
            ],
            [
              23.10836881430285,
              48.07470122128555
            ],
            [
              23.183688117357207,
              48.10824057120098
            ],
            [
              23.25900742041034,
              48.07050726443478
            ],
            [
              23.309220289113654,
              48.020153118690104
            ],
            [
              23.403369417930037,
              47.986556337992596
            ],
            [
              23.497518546747727,
              47.96974974156859
            ],
            [
              23.528901589686484,
              48.00755689020889
            ],
            [
              23.58539106697762,
              48.00755689020889
            ],
            [
              23.679540195793976,
              47.986556337992596
            ],
            [
              23.773689324611667,
              47.999157695060575
            ],
            [
              23.836725565548477,
              47.92788995371927
            ],
            [
              23.93715130295388,
              47.953118226131636
            ],
            [
              24.00619399741919,
              47.953118226131636
            ],
            [
              24.10034312623688,
              47.91527120059132
            ],
            [
              24.194492255053262,
              47.902649369330305
            ],
            [
              24.31374781822194,
              47.91947779364193
            ],
            [
              24.376513904100847,
              47.93630074579906
            ],
            [
              24.42045016421517,
              47.95732174128085
            ],
            [
              24.52087590162057,
              47.96152491446685
            ],
            [
              24.64326573034745,
              47.89470125321267
            ],
            [
              24.630712513171943,
              47.9745998076786
            ],
            [
              24.630712513171943,
              48.037590416960086
            ],
            [
              24.58049964446988,
              48.08792752180466
            ],
            [
              24.523989089568033,
              48.19684490136004
            ],
            [
              24.454946395101416,
              48.297158223652275
            ],
            [
              24.36079726628506,
              48.372264116990806
            ],
            [
              24.279201354642908,
              48.372264116990806
            ],
            [
              24.178775617238756,
              48.3972748312666
            ],
            [
              24.134839357123155,
              48.459747852605744
            ],
            [
              24.021860402543496,
              48.47639435513537
            ],
            [
              23.94026449090137,
              48.493035397422005
            ],
            [
              23.908881447962585,
              48.563698920353175
            ],
            [
              23.82100892773269,
              48.601069105812485
            ],
            [
              23.77707266761837,
              48.63426385480821
            ],
            [
              23.701753364563956,
              48.65914559309218
            ],
            [
              23.62015745292311,
              48.704730231450554
            ],
            [
              23.526008324105447,
              48.72543688419768
            ],
            [
              23.400476152349,
              48.762687383583796
            ],
            [
              23.268667372006064,
              48.75441188082351
            ],
            [
              23.155067361654176,
              48.82219254107741
            ],
            [
              23.096591064967242,
              48.854266168503244
            ],
            [
              23.038114768281332,
              48.886319260578745
            ],
            [
              22.98938452104204,
              48.91194695088578
            ],
            [
              22.91141612546079,
              49.00473719824868
            ],
            [
              22.843193779326242,
              49.0111301634135
            ],
            [
              22.76523346086381,
              49.04308200483666
            ],
            [
              22.67795639554413,
              49.03354619705016
            ],
            [
              22.608862052166444,
              49.08358879396988
            ],
            [
              22.5724966082839,
              49.085970518094456
            ],
            [
              22.528858075624726,
              49.085970518094456
            ],
            [
              22.481582998576613,
              49.08835212798573
            ],
            [
              22.441581010305043,
              49.10025846399
            ],
            [
              22.387032844480444,
              49.13596033892145
            ],
            [
              22.32521158988075,
              49.13596033892145
            ],
            [
              22.256117246503067,
              49.147855253443424
            ],
            [
              22.2270248913955,
              49.16212538236388
            ],
            [
              22.201569080678468,
              49.18352286806103
            ],
            [
              22.165203636795837,
              49.19302989304717
            ],
            [
              22.088836204641666,
              49.207287005417925
            ],
            [
              22.03428803881701,
              49.25003368457459
            ],
            [
              22.00519568371098,
              49.302229406107955
            ],
            [
              21.965193695439353,
              49.33541610954123
            ],
            [
              21.936101340333266,
              49.35910720714136
            ],
            [
              21.89246280767415,
              49.36858045209212
            ],
            [
              21.85246081940258,
              49.37805187198802
            ],
            [
              21.808822286743492,
              49.3804194418081
            ],
            [
              21.76154720969535,
              49.37331639016614
            ],
            [
              21.736091398976782,
              49.39698923698671
            ],
            [
              21.696089410705213,
              49.41828504793864
            ],
            [
              21.65972396682261,
              49.427746887823616
            ],
            [
              21.616085434163494,
              49.44193622679603
            ],
            [
              21.57244690150435,
              49.43484207042272
            ],
            [
              21.525171824456265,
              49.423016195945934
            ],
            [
              21.48153329179715,
              49.41828504793864
            ],
            [
              21.419712037196035,
              49.41828504793864
            ],
            [
              21.37607350453689,
              49.444300717543854
            ],
            [
              21.292432983606204,
              49.460848960323545
            ],
            [
              21.24515790655809,
              49.444300717543854
            ],
            [
              21.19424628512246,
              49.415919302882656
            ],
            [
              21.165153930014895,
              49.42538159890029
            ],
            [
              21.096059586637267,
              49.43011206271751
            ],
            [
              21.06696723153118,
              49.40645518227569
            ],
            [
              21.099696131026235,
              49.36858045209212
            ],
            [
              21.063330687143633,
              49.356738610727945
            ],
            [
              21.01241906570803,
              49.35200107568025
            ],
            [
              20.994236343765976,
              49.31882555318154
            ]
          ]
        ],
        "type": "Polygon"
      },
      "id": 11
    },
    {
      "type": "Feature",
      "properties": {
        "tid": 12,
        "tname": "Iceland"
      },
      "geometry": {
        "coordinates": [
          [
            [
              24.66049228469052,
              47.89425641321705
            ],
            [
              24.529193782673815,
              47.95740387230251
            ],
            [
              24.4273758288808,
              47.95740387230251
            ],
            [
              24.305194284329417,
              47.90282648008329
            ],
            [
              24.14228555826125,
              47.88917313204723
            ],
            [
              24.345921465846203,
              47.53979582608795
            ],
            [
              24.305194284329417,
              47.43659185424252
            ],
            [
              24.395765604829393,
              47.12399316668876
            ],
            [
              24.52812894476,
              47.06160609610251
            ],
            [
              24.60958330779357,
              46.92270646627031
            ],
            [
              24.507765354001606,
              46.811326806558384
            ],
            [
              24.538310740139224,
              46.60886201011655
            ],
            [
              24.629946898553015,
              46.580876223430266
            ],
            [
              24.691037670828194,
              46.496832142996595
            ],
            [
              24.731764852344924,
              46.384570993549744
            ],
            [
              24.670674080069745,
              46.272078516156114
            ],
            [
              24.670674080069745,
              46.18755732365844
            ],
            [
              24.74194664772415,
              46.09584581348315
            ],
            [
              24.894673578414142,
              46.039332024587395
            ],
            [
              24.77249203386276,
              45.94737370799183
            ],
            [
              24.77249203386276,
              45.87653256071846
            ],
            [
              24.721583056965756,
              45.79140382128935
            ],
            [
              24.66049228469052,
              45.68480976765417
            ],
            [
              24.691037670828194,
              45.578012218883686
            ],
            [
              24.84376460151711,
              45.578012218883686
            ],
            [
              24.996491532206136,
              45.57088514649092
            ],
            [
              25.139036667516876,
              45.55662828819288
            ],
            [
              25.24085462130884,
              45.499564674197615
            ],
            [
              25.271400007447454,
              45.421007679663035
            ],
            [
              25.424126938136425,
              45.44244316935681
            ],
            [
              25.5666720734462,
              45.48528972533231
            ],
            [
              25.699035413376805,
              45.499564674197615
            ],
            [
              25.85176234406572,
              45.471011158257
            ],
            [
              25.984125683997405,
              45.46387051788113
            ],
            [
              26.08594363778934,
              45.549498502278766
            ],
            [
              26.167398000823937,
              45.59938800909191
            ],
            [
              26.320124931512908,
              45.6705818523744
            ],
            [
              26.44230647606426,
              45.713254745169706
            ],
            [
              26.53394263447808,
              45.62075565894102
            ],
            [
              26.676487769787855,
              45.56375716959545
            ],
            [
              26.859760086615466,
              45.578012218883686
            ],
            [
              27.002305221925212,
              45.61363401346773
            ],
            [
              27.134668561855733,
              45.65635031935747
            ],
            [
              27.195759334130912,
              45.73457898206706
            ],
            [
              27.195759334130912,
              45.82688995465199
            ],
            [
              27.144850357234958,
              45.975684849241446
            ],
            [
              27.226304720269553,
              46.06759615146825
            ],
            [
              27.379031650958524,
              46.0817227905506
            ],
            [
              27.480849604751512,
              46.11702356775041
            ],
            [
              27.49103140013071,
              46.22983418918267
            ],
            [
              27.450304218613923,
              46.31429030667371
            ],
            [
              27.409577037096142,
              46.39159409212007
            ],
            [
              27.368849855579356,
              46.5178553588575
            ],
            [
              27.338304469441738,
              46.65780236194428
            ],
            [
              27.246668311027946,
              46.734619217197405
            ],
            [
              27.226304720269553,
              46.8043579039921
            ],
            [
              27.185577538751744,
              46.91575200799707
            ],
            [
              27.114304971097397,
              46.9852559734623
            ],
            [
              26.92085085889056,
              47.033855049004984
            ],
            [
              26.808851109718432,
              47.06160609610251
            ],
            [
              26.6663059744086,
              47.103205596844504
            ],
            [
              26.60521520213348,
              47.17246592019171
            ],
            [
              26.44230647606426,
              47.17938699080267
            ],
            [
              26.269215954616897,
              47.23472308272969
            ],
            [
              26.09612543316851,
              47.262369481804285
            ],
            [
              25.923034911721146,
              47.262369481804285
            ],
            [
              25.821216957928158,
              47.32452112244516
            ],
            [
              25.71939900413517,
              47.44860530234337
            ],
            [
              25.55649027806703,
              47.489901791030746
            ],
            [
              25.424126938136425,
              47.50366007691994
            ],
            [
              25.25103641668909,
              47.42105628253955
            ],
            [
              25.14921846289613,
              47.45549030379851
            ],
            [
              25.05758230448231,
              47.50366007691994
            ],
            [
              25.037218713723888,
              47.59300107214645
            ],
            [
              25.027036918344663,
              47.73015144954684
            ],
            [
              24.874309987654698,
              47.750692932269004
            ],
            [
              24.762310238483536,
              47.8327778224253
            ],
            [
              24.66049228469052,
              47.89425641321705
            ]
          ]
        ],
        "type": "Polygon"
      },
      "id": 12
    }
  ]
};
